{"type":"FeatureCollection","metadata":{"source":"Câmara Municipal de Lisboa — Lisboa Aberta (Public Domain Mark 1.0)","source_file":"lisboa-aberta-elementos-agua-2026-09-19.csv","counts":{"bebedouro":438,"chafariz":101,"bica":106,"nevoeiro":3}},"features":[{"type":"Feature","id":"11916895-9237-4241-8e71-d26daf6425eb","geometry":{"type":"Point","coordinates":[-9.092863,38.781739]},"properties":{"id":"11916895-9237-4241-8e71-d26daf6425eb","vertical":"bebedouros","kind":"bebedouro","name":"Bebedouro 1 Junto ao Parque Infantil do Parque Tejo","address":"Passeio dos Heróis do Mar","source":"lisboa_aberta","source_ref":"3385","accessible":false}},{"type":"Feature","id":"223b3186-30de-4a8c-a961-ce8df78aa8f1","geometry":{"type":"Point","coordinates":[-9.156409,38.771266]},"properties":{"id":"223b3186-30de-4a8c-a961-ce8df78aa8f1","vertical":"bebedouros","kind":"bebedouro","name":"Bebedouro 1 Quinta dos Lilases","address":"Alameda das Linhas de Torres","source":"lisboa_aberta","source_ref":"1891","accessible":false}},{"type":"Feature","id":"05a65bab-d6e0-41d8-a2d1-0d3efe805619","geometry":{"type":"Point","coordinates":[-9.129644,38.748307]},"properties":{"id":"05a65bab-d6e0-41d8-a2d1-0d3efe805619","vertical":"bebedouros","kind":"bebedouro","name":"Bebedouro 1 da Quinta da Montanha","address":"Rua Interior à Azinhaga da Fonte do Louro","source":"lisboa_aberta","source_ref":"2141","accessible":false}},{"type":"Feature","id":"39584296-41f9-42c0-9996-cad1479bdc97","geometry":{"type":"Point","coordinates":[-9.205327,38.696928]},"properties":{"id":"39584296-41f9-42c0-9996-cad1479bdc97","vertical":"bebedouros","kind":"bebedouro","name":"Bebedouro 1 do Jardim da Praça do Império","address":"Praça do Império","source":"lisboa_aberta","source_ref":"3223","accessible":false}},{"type":"Feature","id":"ef577108-85de-409e-a551-e10ac9970fab","geometry":{"type":"Point","coordinates":[-9.213708,38.692296]},"properties":{"id":"ef577108-85de-409e-a551-e10ac9970fab","vertical":"bebedouros","kind":"bebedouro","name":"Bebedouro 1 do Jardim da Torre de Belém","address":"Jardim Torre de Belém","source":"lisboa_aberta","source_ref":"3227","accessible":false}},{"type":"Feature","id":"171858bf-9d01-4a22-b343-a1da0203cb5a","geometry":{"type":"Point","coordinates":[-9.098035,38.742816]},"properties":{"id":"171858bf-9d01-4a22-b343-a1da0203cb5a","vertical":"bebedouros","kind":"bebedouro","name":"Bebedouro 1 do Parque Ribeirinho Oriental","address":"Rua da Cintura do Porto de Lisboa","source":"lisboa_aberta","source_ref":"2156","accessible":false}},{"type":"Feature","id":"c343c117-3c37-4256-933b-888966356903","geometry":{"type":"Point","coordinates":[-9.171234,38.726614]},"properties":{"id":"c343c117-3c37-4256-933b-888966356903","vertical":"bebedouros","kind":"bebedouro","name":"Bebedouro 1 do Parque Urbano da Quinta da Bela Flor","address":"Rua da Bela-Flor(antiga Rua A da Quinta da Bela-Flor à Cascalheira)","source":"lisboa_aberta","source_ref":"1031","accessible":false}},{"type":"Feature","id":"717995af-9c20-472c-a672-82c3d3d273f4","geometry":{"type":"Point","coordinates":[-9.177273,38.737687]},"properties":{"id":"717995af-9c20-472c-a672-82c3d3d273f4","vertical":"bebedouros","kind":"bebedouro","name":"Bebedouro 1 do Parque do Calhau","address":"São Domingos de Benfica","source":"lisboa_aberta","source_ref":"3945","accessible":false}},{"type":"Feature","id":"2f3e9096-05d6-44bf-be30-a6ad9c571e9c","geometry":{"type":"Point","coordinates":[-9.193812,38.720509]},"properties":{"id":"2f3e9096-05d6-44bf-be30-a6ad9c571e9c","vertical":"bebedouros","kind":"bebedouro","name":"Bebedouro 1 junto ao Anfiteatro Keil do Amaral","address":"Alameda Keil do Amaral","source":"lisboa_aberta","source_ref":"131","accessible":false}},{"type":"Feature","id":"3034bda6-b2ff-4061-a7ae-c3bdd51064bc","geometry":{"type":"Point","coordinates":[-9.193445,38.721307]},"properties":{"id":"3034bda6-b2ff-4061-a7ae-c3bdd51064bc","vertical":"bebedouros","kind":"bebedouro","name":"Bebedouro 1 junto ao Miradouro Keil do Amaral","address":"Alameda Keil do Amaral","source":"lisboa_aberta","source_ref":"249","accessible":false}},{"type":"Feature","id":"e26476fc-0f73-44ba-b293-1bf17d54c5b4","geometry":{"type":"Point","coordinates":[-9.177095,38.733757]},"properties":{"id":"e26476fc-0f73-44ba-b293-1bf17d54c5b4","vertical":"bebedouros","kind":"bebedouro","name":"Bebedouro 1 junto ao Parque Infantil do Parque Recreativo do Alto da Serafina","address":"Caminho Pedreiras","source":"lisboa_aberta","source_ref":"821","accessible":false}},{"type":"Feature","id":"8dc7f410-1039-4612-a2bc-f516fece32a6","geometry":{"type":"Point","coordinates":[-9.188889,38.722479]},"properties":{"id":"8dc7f410-1039-4612-a2bc-f516fece32a6","vertical":"bebedouros","kind":"bebedouro","name":"Bebedouro 1 na Alameda Keil do Amaral","address":"Alameda Keil do Amaral","source":"lisboa_aberta","source_ref":"244","accessible":false}},{"type":"Feature","id":"fe0bb5a2-e0f4-4ef5-bcaf-6bdb7efa6dc3","geometry":{"type":"Point","coordinates":[-9.127211,38.740039]},"properties":{"id":"fe0bb5a2-e0f4-4ef5-bcaf-6bdb7efa6dc3","vertical":"bebedouros","kind":"bebedouro","name":"Bebedouro 1 na Avenida Afonso Costa","address":"Avenida Afonso Costa","source":"lisboa_aberta","source_ref":"305","accessible":true}},{"type":"Feature","id":"6d29e309-134f-405f-a371-46d8bedfff6c","geometry":{"type":"Point","coordinates":[-9.151309,38.737457]},"properties":{"id":"6d29e309-134f-405f-a371-46d8bedfff6c","vertical":"bebedouros","kind":"bebedouro","name":"Bebedouro 1 na Avenida Conde de Valbom","address":"Avenida Conde de Valbom","source":"lisboa_aberta","source_ref":"2304","accessible":false}},{"type":"Feature","id":"fbc8c059-43cc-4fc3-bff7-72374e4588c5","geometry":{"type":"Point","coordinates":[-9.146713,38.72086]},"properties":{"id":"fbc8c059-43cc-4fc3-bff7-72374e4588c5","vertical":"bebedouros","kind":"bebedouro","name":"Bebedouro 1 na Avenida da Liberdade","address":"Avenida da Liberdade","source":"lisboa_aberta","source_ref":"1405","accessible":true}},{"type":"Feature","id":"ad5b6691-9d55-449f-9133-8ec983f67a80","geometry":{"type":"Point","coordinates":[-9.187251,38.743519]},"properties":{"id":"ad5b6691-9d55-449f-9133-8ec983f67a80","vertical":"bebedouros","kind":"bebedouro","name":"Bebedouro 1 na Mata de São Domingos de Benfica","address":"Estrada do Barcal","source":"lisboa_aberta","source_ref":"3933","accessible":false}},{"type":"Feature","id":"b15596a1-71b4-4954-992f-616d88eafd41","geometry":{"type":"Point","coordinates":[-9.176217,38.770459]},"properties":{"id":"b15596a1-71b4-4954-992f-616d88eafd41","vertical":"bebedouros","kind":"bebedouro","name":"Bebedouro 1 na Quinta da Paz","address":"Azinhaga da Torre do Fato","source":"lisboa_aberta","source_ref":"1885","accessible":false}},{"type":"Feature","id":"63787dfb-ba89-4ff3-a44e-46ab60ac13a4","geometry":{"type":"Point","coordinates":[-9.15451,38.769747]},"properties":{"id":"63787dfb-ba89-4ff3-a44e-46ab60ac13a4","vertical":"bebedouros","kind":"bebedouro","name":"Bebedouro 1 na Quinta das Conchas","address":"Alameda das Linhas de Torres","source":"lisboa_aberta","source_ref":"1888","accessible":false}},{"type":"Feature","id":"00086b24-6ea7-48b3-95e2-2736b2e988d7","geometry":{"type":"Point","coordinates":[-9.202521,38.752272]},"properties":{"id":"00086b24-6ea7-48b3-95e2-2736b2e988d7","vertical":"bebedouros","kind":"bebedouro","name":"Bebedouro 1 na Rua Jorge Barradas","address":"Rua Jorge Barradas","source":"lisboa_aberta","source_ref":"880","accessible":false}},{"type":"Feature","id":"2ac05961-f53c-4120-94ff-bb9dd153a947","geometry":{"type":"Point","coordinates":[-9.161649,38.774057]},"properties":{"id":"2ac05961-f53c-4120-94ff-bb9dd153a947","vertical":"bebedouros","kind":"bebedouro","name":"Bebedouro 1 na Rua Prof. Manuel Valadares","address":"Rua Prof. Manuel Valadares","source":"lisboa_aberta","source_ref":"1881","accessible":false}},{"type":"Feature","id":"d88c7b28-85e3-4272-a033-a1814589c978","geometry":{"type":"Point","coordinates":[-9.14499,38.705415]},"properties":{"id":"d88c7b28-85e3-4272-a033-a1814589c978","vertical":"bebedouros","kind":"bebedouro","name":"Bebedouro 1 no Caís do Sodré","address":"Rua da Cintura do Porto de Lisboa","source":"lisboa_aberta","source_ref":"4906","accessible":true}},{"type":"Feature","id":"81d1dcc6-009d-4820-8011-86aedbd0dd5b","geometry":{"type":"Point","coordinates":[-9.202123,38.757096]},"properties":{"id":"81d1dcc6-009d-4820-8011-86aedbd0dd5b","vertical":"bebedouros","kind":"bebedouro","name":"Bebedouro 1 no Cemitério de Benfica","address":"Rua João Ortigão Ramos","source":"lisboa_aberta","source_ref":"828","accessible":false}},{"type":"Feature","id":"7bb0bd39-3e44-450a-b0b6-9204404c29ad","geometry":{"type":"Point","coordinates":[-9.165156,38.773138]},"properties":{"id":"7bb0bd39-3e44-450a-b0b6-9204404c29ad","vertical":"bebedouros","kind":"bebedouro","name":"Bebedouro 1 no Cemitério do Lumiar","address":"Rua 1 do Cemitério do Lumiar","source":"lisboa_aberta","source_ref":"1899","accessible":false}},{"type":"Feature","id":"9e3b4641-5ffd-4e79-ac56-684563f5a14e","geometry":{"type":"Point","coordinates":[-9.108698,38.764029]},"properties":{"id":"9e3b4641-5ffd-4e79-ac56-684563f5a14e","vertical":"bebedouros","kind":"bebedouro","name":"Bebedouro 1 no Cemitério dos Olivais","address":"Rua 12 do Cemitério dos Olivais","source":"lisboa_aberta","source_ref":"3399","accessible":false}},{"type":"Feature","id":"440ec1b6-0374-45e0-9fc0-e0361fbf646e","geometry":{"type":"Point","coordinates":[-9.145449,38.733648]},"properties":{"id":"440ec1b6-0374-45e0-9fc0-e0361fbf646e","vertical":"bebedouros","kind":"bebedouro","name":"Bebedouro 1 no Eixo Central - Saldanha","address":"Praça do Duque de Saldanha","source":"lisboa_aberta","source_ref":"5021","accessible":false}},{"type":"Feature","id":"a7a97a82-392f-40a0-9c33-50c6633f9d68","geometry":{"type":"Point","coordinates":[-9.149086,38.772129]},"properties":{"id":"a7a97a82-392f-40a0-9c33-50c6633f9d68","vertical":"bebedouros","kind":"bebedouro","name":"Bebedouro 1 no Eixo Central do Alto do Lumiar","address":"Eixo Central(Alto do Lumiar)","source":"lisboa_aberta","source_ref":"33117","accessible":false}},{"type":"Feature","id":"feb09800-9352-432e-82d6-0639772657de","geometry":{"type":"Point","coordinates":[-9.199748,38.696872]},"properties":{"id":"feb09800-9352-432e-82d6-0639772657de","vertical":"bebedouros","kind":"bebedouro","name":"Bebedouro 1 no Jardim Afonso de Albuquerque","address":"Praça Afonso de Albuquerque","source":"lisboa_aberta","source_ref":"3221","accessible":false}},{"type":"Feature","id":"7aa700dd-3984-4c1c-95a8-2d161397e74c","geometry":{"type":"Point","coordinates":[-9.15403,38.731084]},"properties":{"id":"7aa700dd-3984-4c1c-95a8-2d161397e74c","vertical":"bebedouros","kind":"bebedouro","name":"Bebedouro 1 no Jardim Amália Rodrigues","address":"Alameda Cardeal Cerejeira","source":"lisboa_aberta","source_ref":"5018","accessible":false}},{"type":"Feature","id":"5f032712-8dbe-4a27-b714-a6b99317e1a3","geometry":{"type":"Point","coordinates":[-9.137427,38.730822]},"properties":{"id":"5f032712-8dbe-4a27-b714-a6b99317e1a3","vertical":"bebedouros","kind":"bebedouro","name":"Bebedouro 1 no Jardim Constantino","address":"Rua de Pascoal de Melo","source":"lisboa_aberta","source_ref":"4404","accessible":false}},{"type":"Feature","id":"f479268d-c524-4ae3-a737-bb38605cb616","geometry":{"type":"Point","coordinates":[-9.146697,38.706697]},"properties":{"id":"f479268d-c524-4ae3-a737-bb38605cb616","vertical":"bebedouros","kind":"bebedouro","name":"Bebedouro 1 no Jardim Sá da Bandeira","address":"Praça de Dom Luís I","source":"lisboa_aberta","source_ref":"4908","accessible":true}},{"type":"Feature","id":"9fd3b756-8b7d-4b10-87f5-f40c2bf4ced5","geometry":{"type":"Point","coordinates":[-9.165078,38.735894]},"properties":{"id":"9fd3b756-8b7d-4b10-87f5-f40c2bf4ced5","vertical":"bebedouros","kind":"bebedouro","name":"Bebedouro 1 no Jardim da Amnistia","address":"Jardim Amnistia Internacional","source":"lisboa_aberta","source_ref":"1015","accessible":false}},{"type":"Feature","id":"93feb3d5-3101-4d60-88dc-e96ccbb91c9e","geometry":{"type":"Point","coordinates":[-9.157641,38.714398]},"properties":{"id":"93feb3d5-3101-4d60-88dc-e96ccbb91c9e","vertical":"bebedouros","kind":"bebedouro","name":"Bebedouro 1 no Jardim da Estrela","address":"Jardim Guerra Junqueiro(Jardim da Estrela)","source":"lisboa_aberta","source_ref":"1721","accessible":false}},{"type":"Feature","id":"991eca51-7f31-47f6-b59a-b060edefbd98","geometry":{"type":"Point","coordinates":[-9.141132,38.706268]},"properties":{"id":"991eca51-7f31-47f6-b59a-b060edefbd98","vertical":"bebedouros","kind":"bebedouro","name":"Bebedouro 1 no Jardim da Ribeira das Naus","address":"Avenida da Ribeira das Naus","source":"lisboa_aberta","source_ref":"4802","accessible":false}},{"type":"Feature","id":"2f1cdb67-bc73-40a1-8892-bd89d8073e84","geometry":{"type":"Point","coordinates":[-9.149402,38.750302]},"properties":{"id":"2f1cdb67-bc73-40a1-8892-bd89d8073e84","vertical":"bebedouros","kind":"bebedouro","name":"Bebedouro 1 no Jardim do Campo Grande","address":"Campo Grande","source":"lisboa_aberta","source_ref":"914","accessible":false}},{"type":"Feature","id":"d6309772-e570-4f56-8551-71bf76d5c6ae","geometry":{"type":"Point","coordinates":[-9.201799,38.716923]},"properties":{"id":"d6309772-e570-4f56-8551-71bf76d5c6ae","vertical":"bebedouros","kind":"bebedouro","name":"Bebedouro 1 no Miradouro dos Montes Claros","address":"Pista do Miradouro dos Montes Claros((Parque Florestal de Monsanto))","source":"lisboa_aberta","source_ref":"122","accessible":false}},{"type":"Feature","id":"df99dae7-63f2-4585-a6fb-14ee231fb498","geometry":{"type":"Point","coordinates":[-9.155166,38.728631]},"properties":{"id":"df99dae7-63f2-4585-a6fb-14ee231fb498","vertical":"bebedouros","kind":"bebedouro","name":"Bebedouro 1 no Parque Eduardo VII de Inglaterra","address":"Parque Eduardo VII de Inglaterra","source":"lisboa_aberta","source_ref":"5009","accessible":false}},{"type":"Feature","id":"45834d8e-c125-472a-bc0a-41cfea317ba0","geometry":{"type":"Point","coordinates":[-9.153039,38.780195]},"properties":{"id":"45834d8e-c125-472a-bc0a-41cfea317ba0","vertical":"bebedouros","kind":"bebedouro","name":"Bebedouro 1 no Parque Oeste","address":"Avenida Nuno Krus Abecassis(antiga Avenida 4 do Alto do Lumiar)","source":"lisboa_aberta","source_ref":"1317","accessible":false}},{"type":"Feature","id":"03c5f352-c925-486b-87f3-750535893ec1","geometry":{"type":"Point","coordinates":[-9.178699,38.73447]},"properties":{"id":"03c5f352-c925-486b-87f3-750535893ec1","vertical":"bebedouros","kind":"bebedouro","name":"Bebedouro 1 no Parque Recreativo do Alto da Serafina","address":"Caminho Pedreiras","source":"lisboa_aberta","source_ref":"817","accessible":false}},{"type":"Feature","id":"9ef713d2-5a66-4f06-bc16-13e6908a3d62","geometry":{"type":"Point","coordinates":[-9.092846,38.787378]},"properties":{"id":"9ef713d2-5a66-4f06-bc16-13e6908a3d62","vertical":"bebedouros","kind":"bebedouro","name":"Bebedouro 1 no Parque Tejo","address":"Passeio do Parque","source":"lisboa_aberta","source_ref":"3376","accessible":false}},{"type":"Feature","id":"218b8780-3321-4b4c-a22e-be73b298f721","geometry":{"type":"Point","coordinates":[-9.167185,38.78228]},"properties":{"id":"218b8780-3321-4b4c-a22e-be73b298f721","vertical":"bebedouros","kind":"bebedouro","name":"Bebedouro 1 no Parque Urbano da Encosta do Olival","address":"Rua Isabel Magalhães Colaço","source":"lisboa_aberta","source_ref":"18149","accessible":false}},{"type":"Feature","id":"c20e1b5f-698d-42f8-8f95-76515efd0b0b","geometry":{"type":"Point","coordinates":[-9.193907,38.765318]},"properties":{"id":"c20e1b5f-698d-42f8-8f95-76515efd0b0b","vertical":"bebedouros","kind":"bebedouro","name":"Bebedouro 1 no Parque Verde de Carnide","address":"Estrada da Pontinha","source":"lisboa_aberta","source_ref":"1166","accessible":false}},{"type":"Feature","id":"d95153d6-77b1-4fd2-89b8-0ce4289f6e68","geometry":{"type":"Point","coordinates":[-9.123936,38.748673]},"properties":{"id":"d95153d6-77b1-4fd2-89b8-0ce4289f6e68","vertical":"bebedouros","kind":"bebedouro","name":"Bebedouro 1 no Parque da Belavista Central","address":"Avenida Dr. Arlindo Vicente(antiga Rua 1 da Zona N1 de Chelas)","source":"lisboa_aberta","source_ref":"2129","accessible":false}},{"type":"Feature","id":"db2ea64e-3c37-4446-9947-309b86eb2466","geometry":{"type":"Point","coordinates":[-9.178848,38.732372]},"properties":{"id":"db2ea64e-3c37-4446-9947-309b86eb2466","vertical":"bebedouros","kind":"bebedouro","name":"Bebedouro 1 no Parque da Pedra","address":"Estrada da Serafina","source":"lisboa_aberta","source_ref":"1021","accessible":false}},{"type":"Feature","id":"7edafd26-506b-42d3-80e4-1d9669904354","geometry":{"type":"Point","coordinates":[-9.200292,38.736237]},"properties":{"id":"7edafd26-506b-42d3-80e4-1d9669904354","vertical":"bebedouros","kind":"bebedouro","name":"Bebedouro 1 no Parque de Merendas da Vila Guiné","address":"Vila Guiné(Estrada de Monsanto, 78A)","source":"lisboa_aberta","source_ref":"825","accessible":false}},{"type":"Feature","id":"f864bdc3-5ee5-4d66-a4a2-6504aaa7c956","geometry":{"type":"Point","coordinates":[-9.186259,38.720037]},"properties":{"id":"f864bdc3-5ee5-4d66-a4a2-6504aaa7c956","vertical":"bebedouros","kind":"bebedouro","name":"Bebedouro 1 no Parque do Alvito","address":"Estrada do Alvito","source":"lisboa_aberta","source_ref":"233","accessible":false}},{"type":"Feature","id":"62143d5b-96ee-4b46-9f84-0f40968040cf","geometry":{"type":"Point","coordinates":[-9.109025,38.751118]},"properties":{"id":"62143d5b-96ee-4b46-9f84-0f40968040cf","vertical":"bebedouros","kind":"bebedouro","name":"Bebedouro 1 no Parque do Vale Fundão","address":"Rua Prof. Lopo de Carvalho(antiga Rua I-20 da Malha I de Chelas)","source":"lisboa_aberta","source_ref":"2124","accessible":false}},{"type":"Feature","id":"7664353d-656d-41a9-8e21-adbaa5dc6d69","geometry":{"type":"Point","coordinates":[-9.118944,38.76565]},"properties":{"id":"7664353d-656d-41a9-8e21-adbaa5dc6d69","vertical":"bebedouros","kind":"bebedouro","name":"Bebedouro 1 no Parque do Vale do Silêncio","address":"Parque do Vale do Silêncio","source":"lisboa_aberta","source_ref":"3371","accessible":false}},{"type":"Feature","id":"88e28261-67e6-4d81-b3f6-ca7e9d8b6dd3","geometry":{"type":"Point","coordinates":[-9.190045,38.696746]},"properties":{"id":"88e28261-67e6-4d81-b3f6-ca7e9d8b6dd3","vertical":"bebedouros","kind":"bebedouro","name":"Bebedouro 1 no Passeio Carlos do Carmo","address":"Passeio Carlos do Carmo","source":"lisboa_aberta","source_ref":"3232","accessible":true}},{"type":"Feature","id":"66f1102f-e96a-4cb7-9c56-e2f6f3c40066","geometry":{"type":"Point","coordinates":[-9.127537,38.753207]},"properties":{"id":"66f1102f-e96a-4cb7-9c56-e2f6f3c40066","vertical":"bebedouros","kind":"bebedouro","name":"Bebedouro 10 no Parque da Belavista Central","address":"Avenida Dr. Arlindo Vicente(antiga Rua 1 da Zona N1 de Chelas)","source":"lisboa_aberta","source_ref":"2138","accessible":false}},{"type":"Feature","id":"dfcc922a-2886-477a-8624-7c8596b3b994","geometry":{"type":"Point","coordinates":[-9.186001,38.719337]},"properties":{"id":"dfcc922a-2886-477a-8624-7c8596b3b994","vertical":"bebedouros","kind":"bebedouro","name":"Bebedouro 10 no Parque do Alvito","address":"Estrada do Alvito","source":"lisboa_aberta","source_ref":"242","accessible":false}},{"type":"Feature","id":"88cc7bd3-7401-454d-abfa-499e6d043667","geometry":{"type":"Point","coordinates":[-9.091793,38.78188]},"properties":{"id":"88cc7bd3-7401-454d-abfa-499e6d043667","vertical":"bebedouros","kind":"bebedouro","name":"Bebedouro 2 Junto ao Parque Infantil do Parque Tejo","address":"Caminho da Rainha","source":"lisboa_aberta","source_ref":"3386","accessible":false}},{"type":"Feature","id":"a1ad4116-aa75-462e-8bee-2e090d1505a3","geometry":{"type":"Point","coordinates":[-9.15808,38.77144]},"properties":{"id":"a1ad4116-aa75-462e-8bee-2e090d1505a3","vertical":"bebedouros","kind":"bebedouro","name":"Bebedouro 2 Quinta dos Lilases","address":"Alameda das Linhas de Torres","source":"lisboa_aberta","source_ref":"1892","accessible":false}},{"type":"Feature","id":"583fb2f8-9e8f-4983-bc1b-3bde4cb56fed","geometry":{"type":"Point","coordinates":[-9.137982,38.743338]},"properties":{"id":"583fb2f8-9e8f-4983-bc1b-3bde4cb56fed","vertical":"bebedouros","kind":"bebedouro","name":"Bebedouro 2 do Jardim Fernando Pessa","address":"Jardim Fernando Pessa","source":"lisboa_aberta","source_ref":"4312","accessible":true}},{"type":"Feature","id":"2ae69d54-cb51-45d6-9b12-ee17af9172a8","geometry":{"type":"Point","coordinates":[-9.204819,38.69569]},"properties":{"id":"2ae69d54-cb51-45d6-9b12-ee17af9172a8","vertical":"bebedouros","kind":"bebedouro","name":"Bebedouro 2 do Jardim da Praça do Império","address":"Praça do Império","source":"lisboa_aberta","source_ref":"3224","accessible":false}},{"type":"Feature","id":"f6707853-5667-4d81-95aa-008687edbfea","geometry":{"type":"Point","coordinates":[-9.21702,38.692539]},"properties":{"id":"f6707853-5667-4d81-95aa-008687edbfea","vertical":"bebedouros","kind":"bebedouro","name":"Bebedouro 2 do Jardim da Torre de Belém","address":"Jardim Torre de Belém","source":"lisboa_aberta","source_ref":"3228","accessible":false}},{"type":"Feature","id":"e46aa2aa-acb3-4ae8-b368-04fea2bab9dd","geometry":{"type":"Point","coordinates":[-9.097465,38.743101]},"properties":{"id":"e46aa2aa-acb3-4ae8-b368-04fea2bab9dd","vertical":"bebedouros","kind":"bebedouro","name":"Bebedouro 2 do Parque Ribeirinho Oriental","address":"Rua da Cintura do Porto de Lisboa","source":"lisboa_aberta","source_ref":"2157","accessible":false}},{"type":"Feature","id":"96348740-8e03-4d71-883d-d715fa4345dd","geometry":{"type":"Point","coordinates":[-9.170954,38.725737]},"properties":{"id":"96348740-8e03-4d71-883d-d715fa4345dd","vertical":"bebedouros","kind":"bebedouro","name":"Bebedouro 2 do Parque Urbano da Quinta da Bela Flor","address":"Rua da Bela-Flor(antiga Rua A da Quinta da Bela-Flor à Cascalheira)","source":"lisboa_aberta","source_ref":"1032","accessible":false}},{"type":"Feature","id":"77368d73-eaf4-472a-9c33-41827a32f26e","geometry":{"type":"Point","coordinates":[-9.175649,38.736106]},"properties":{"id":"77368d73-eaf4-472a-9c33-41827a32f26e","vertical":"bebedouros","kind":"bebedouro","name":"Bebedouro 2 do Parque do Calhau","address":"São Domingos de Benfica","source":"lisboa_aberta","source_ref":"3946","accessible":false}},{"type":"Feature","id":"aee7bb12-c921-44ac-ae8b-e963ece52441","geometry":{"type":"Point","coordinates":[-9.194482,38.720678]},"properties":{"id":"aee7bb12-c921-44ac-ae8b-e963ece52441","vertical":"bebedouros","kind":"bebedouro","name":"Bebedouro 2 junto ao Anfiteatro Keil do Amaral","address":"Alameda Keil do Amaral","source":"lisboa_aberta","source_ref":"132","accessible":false}},{"type":"Feature","id":"3917c9f7-1588-41a7-93c7-2645ad8373bf","geometry":{"type":"Point","coordinates":[-9.19267,38.722352]},"properties":{"id":"3917c9f7-1588-41a7-93c7-2645ad8373bf","vertical":"bebedouros","kind":"bebedouro","name":"Bebedouro 2 junto ao Miradouro Keil do Amaral","address":"Alameda Keil do Amaral","source":"lisboa_aberta","source_ref":"250","accessible":false}},{"type":"Feature","id":"f8b4dc03-01a1-4f8f-a87f-5fb88f200588","geometry":{"type":"Point","coordinates":[-9.139987,38.722676]},"properties":{"id":"f8b4dc03-01a1-4f8f-a87f-5fb88f200588","vertical":"bebedouros","kind":"bebedouro","name":"Bebedouro 2 junto ao Parque Infantil do Jardim Braancamp Freire","address":"Campo dos Mártires da Pátria","source":"lisboa_aberta","source_ref":"2415","accessible":false}},{"type":"Feature","id":"82e78618-c4ec-4518-9b43-a705c19b8341","geometry":{"type":"Point","coordinates":[-9.1774,38.733411]},"properties":{"id":"82e78618-c4ec-4518-9b43-a705c19b8341","vertical":"bebedouros","kind":"bebedouro","name":"Bebedouro 2 junto ao Parque Infantil do Parque Recreativo do Alto da Serafina","address":"Caminho Pedreiras","source":"lisboa_aberta","source_ref":"822","accessible":false}},{"type":"Feature","id":"32067d1d-e04e-4858-8b05-1c08abfea9e3","geometry":{"type":"Point","coordinates":[-9.19616,38.718838]},"properties":{"id":"32067d1d-e04e-4858-8b05-1c08abfea9e3","vertical":"bebedouros","kind":"bebedouro","name":"Bebedouro 2 na Alameda Keil do Amaral","address":"Alameda Keil do Amaral","source":"lisboa_aberta","source_ref":"133","accessible":false}},{"type":"Feature","id":"fa6cf454-1d80-440f-a1e6-5b6b1faf0d50","geometry":{"type":"Point","coordinates":[-9.141799,38.723079]},"properties":{"id":"fa6cf454-1d80-440f-a1e6-5b6b1faf0d50","vertical":"bebedouros","kind":"bebedouro","name":"Bebedouro 2 na Alameda de Santo António dos Capuchos","address":"Alameda de Santo António dos Capuchos","source":"lisboa_aberta","source_ref":"2413","accessible":false}},{"type":"Feature","id":"b4bcaaed-3a9e-4cf3-9b2f-d4d9e2502c1a","geometry":{"type":"Point","coordinates":[-9.132076,38.741962]},"properties":{"id":"b4bcaaed-3a9e-4cf3-9b2f-d4d9e2502c1a","vertical":"bebedouros","kind":"bebedouro","name":"Bebedouro 2 na Avenida Afonso Costa","address":"Avenida Afonso Costa","source":"lisboa_aberta","source_ref":"306","accessible":true}},{"type":"Feature","id":"f1239b7c-be8d-4315-a87d-224e5ecf6194","geometry":{"type":"Point","coordinates":[-9.152227,38.737995]},"properties":{"id":"f1239b7c-be8d-4315-a87d-224e5ecf6194","vertical":"bebedouros","kind":"bebedouro","name":"Bebedouro 2 na Avenida Conde de Valbom","address":"Avenida Conde de Valbom","source":"lisboa_aberta","source_ref":"2317","accessible":true}},{"type":"Feature","id":"c3e7c6da-6de7-47ec-b372-a5a7daaa8181","geometry":{"type":"Point","coordinates":[-9.142177,38.716993]},"properties":{"id":"c3e7c6da-6de7-47ec-b372-a5a7daaa8181","vertical":"bebedouros","kind":"bebedouro","name":"Bebedouro 2 na Avenida da Liberdade","address":"Avenida da Liberdade","source":"lisboa_aberta","source_ref":"4512","accessible":true}},{"type":"Feature","id":"eb5ea932-4ca8-4178-a703-8588b2ddf0a2","geometry":{"type":"Point","coordinates":[-9.186873,38.743697]},"properties":{"id":"eb5ea932-4ca8-4178-a703-8588b2ddf0a2","vertical":"bebedouros","kind":"bebedouro","name":"Bebedouro 2 na Mata de São Domingos de Benfica","address":"Estrada do Barcal","source":"lisboa_aberta","source_ref":"3936","accessible":false}},{"type":"Feature","id":"4b6c979e-f5e9-4758-8456-bc13766ab9b2","geometry":{"type":"Point","coordinates":[-9.151757,38.715047]},"properties":{"id":"4b6c979e-f5e9-4758-8456-bc13766ab9b2","vertical":"bebedouros","kind":"bebedouro","name":"Bebedouro 2 na Praça das Flores","address":"Praça das Flores","source":"lisboa_aberta","source_ref":"2207","accessible":false}},{"type":"Feature","id":"3d97cb31-72ad-49bb-b4ac-745b4dc92ea4","geometry":{"type":"Point","coordinates":[-9.175625,38.770786]},"properties":{"id":"3d97cb31-72ad-49bb-b4ac-745b4dc92ea4","vertical":"bebedouros","kind":"bebedouro","name":"Bebedouro 2 na Quinta da Paz","address":"Azinhaga da Torre do Fato","source":"lisboa_aberta","source_ref":"1886","accessible":false}},{"type":"Feature","id":"2343198f-d6da-4a6a-98dd-30e2de264993","geometry":{"type":"Point","coordinates":[-9.159008,38.770246]},"properties":{"id":"2343198f-d6da-4a6a-98dd-30e2de264993","vertical":"bebedouros","kind":"bebedouro","name":"Bebedouro 2 na Quinta das Conchas","address":"Alameda das Linhas de Torres","source":"lisboa_aberta","source_ref":"1889","accessible":false}},{"type":"Feature","id":"df978139-d819-4b2b-bf6c-e49f683f354e","geometry":{"type":"Point","coordinates":[-9.201807,38.752074]},"properties":{"id":"df978139-d819-4b2b-bf6c-e49f683f354e","vertical":"bebedouros","kind":"bebedouro","name":"Bebedouro 2 na Rua Jorge Barradas","address":"Rua Jorge Barradas","source":"lisboa_aberta","source_ref":"881","accessible":false}},{"type":"Feature","id":"c9b3e74d-025d-4ca3-89af-05e3efd5cbb8","geometry":{"type":"Point","coordinates":[-9.161562,38.774545]},"properties":{"id":"c9b3e74d-025d-4ca3-89af-05e3efd5cbb8","vertical":"bebedouros","kind":"bebedouro","name":"Bebedouro 2 na Rua Prof. Manuel Valadares","address":"Rua Prof. Manuel Valadares","source":"lisboa_aberta","source_ref":"1882","accessible":false}},{"type":"Feature","id":"4a22ecae-a0b2-46ba-b18f-2150e1ba770f","geometry":{"type":"Point","coordinates":[-9.142923,38.705255]},"properties":{"id":"4a22ecae-a0b2-46ba-b18f-2150e1ba770f","vertical":"bebedouros","kind":"bebedouro","name":"Bebedouro 2 no Caís do Sodré","address":"Cais do Sodré","source":"lisboa_aberta","source_ref":"4907","accessible":true}},{"type":"Feature","id":"b9545dc3-d595-4b1d-93f3-4ca5e0baf760","geometry":{"type":"Point","coordinates":[-9.202141,38.757088]},"properties":{"id":"b9545dc3-d595-4b1d-93f3-4ca5e0baf760","vertical":"bebedouros","kind":"bebedouro","name":"Bebedouro 2 no Cemitério de Benfica","address":"Rua João Ortigão Ramos","source":"lisboa_aberta","source_ref":"829","accessible":false}},{"type":"Feature","id":"e7e04225-5552-4cc9-9dbb-7d18131f0f19","geometry":{"type":"Point","coordinates":[-9.167953,38.772546]},"properties":{"id":"e7e04225-5552-4cc9-9dbb-7d18131f0f19","vertical":"bebedouros","kind":"bebedouro","name":"Bebedouro 2 no Cemitério do Lumiar","address":"Rua 23 do Cemitério do Lumiar","source":"lisboa_aberta","source_ref":"18100","accessible":false}},{"type":"Feature","id":"f901e245-127d-4938-ab06-2100727cabd8","geometry":{"type":"Point","coordinates":[-9.144245,38.733819]},"properties":{"id":"f901e245-127d-4938-ab06-2100727cabd8","vertical":"bebedouros","kind":"bebedouro","name":"Bebedouro 2 no Eixo Central - Saldanha","address":"Praça do Duque de Saldanha","source":"lisboa_aberta","source_ref":"4607","accessible":false}},{"type":"Feature","id":"8a397036-0879-4126-a795-dd89fd815d7c","geometry":{"type":"Point","coordinates":[-9.148417,38.7744]},"properties":{"id":"8a397036-0879-4126-a795-dd89fd815d7c","vertical":"bebedouros","kind":"bebedouro","name":"Bebedouro 2 no Eixo Central do Alto do Lumiar","address":"Eixo Central(Alto do Lumiar)","source":"lisboa_aberta","source_ref":"33118","accessible":false}},{"type":"Feature","id":"00cfad6f-dc35-4ec3-b677-d172ecebc083","geometry":{"type":"Point","coordinates":[-9.199965,38.696217]},"properties":{"id":"00cfad6f-dc35-4ec3-b677-d172ecebc083","vertical":"bebedouros","kind":"bebedouro","name":"Bebedouro 2 no Jardim Afonso de Albuquerque","address":"Praça Afonso de Albuquerque","source":"lisboa_aberta","source_ref":"3222","accessible":false}},{"type":"Feature","id":"545c8ba0-da25-420c-9c62-e0ff4aa804b5","geometry":{"type":"Point","coordinates":[-9.154945,38.73138]},"properties":{"id":"545c8ba0-da25-420c-9c62-e0ff4aa804b5","vertical":"bebedouros","kind":"bebedouro","name":"Bebedouro 2 no Jardim Amália Rodrigues","address":"Rua Marquês de Fronteira","source":"lisboa_aberta","source_ref":"5017","accessible":false}},{"type":"Feature","id":"c8eea5f4-ef1e-4e3c-b35d-4276a4797867","geometry":{"type":"Point","coordinates":[-9.137458,38.731074]},"properties":{"id":"c8eea5f4-ef1e-4e3c-b35d-4276a4797867","vertical":"bebedouros","kind":"bebedouro","name":"Bebedouro 2 no Jardim Constantino","address":"Rua José Estêvão","source":"lisboa_aberta","source_ref":"4409","accessible":true}},{"type":"Feature","id":"50ccdcb8-8fce-4fbd-89df-34c479ed4cea","geometry":{"type":"Point","coordinates":[-9.146869,38.707067]},"properties":{"id":"50ccdcb8-8fce-4fbd-89df-34c479ed4cea","vertical":"bebedouros","kind":"bebedouro","name":"Bebedouro 2 no Jardim Sá da Bandeira","address":"Rua Dom Luís I","source":"lisboa_aberta","source_ref":"4912","accessible":false}},{"type":"Feature","id":"d57ae087-82a5-4522-b21c-82aba090523b","geometry":{"type":"Point","coordinates":[-9.165553,38.73673]},"properties":{"id":"d57ae087-82a5-4522-b21c-82aba090523b","vertical":"bebedouros","kind":"bebedouro","name":"Bebedouro 2 no Jardim da Amnistia","address":"Jardim Amnistia Internacional","source":"lisboa_aberta","source_ref":"1016","accessible":false}},{"type":"Feature","id":"35e8fa14-7bf2-4a11-8493-900793295e4e","geometry":{"type":"Point","coordinates":[-9.157854,38.714894]},"properties":{"id":"35e8fa14-7bf2-4a11-8493-900793295e4e","vertical":"bebedouros","kind":"bebedouro","name":"Bebedouro 2 no Jardim da Estrela","address":"Jardim Guerra Junqueiro(Jardim da Estrela)","source":"lisboa_aberta","source_ref":"1722","accessible":false}},{"type":"Feature","id":"a6311dae-d7ec-4b0d-86a2-b481bcfb0cc3","geometry":{"type":"Point","coordinates":[-9.140293,38.706101]},"properties":{"id":"a6311dae-d7ec-4b0d-86a2-b481bcfb0cc3","vertical":"bebedouros","kind":"bebedouro","name":"Bebedouro 2 no Jardim da Ribeira das Naus","address":"Avenida da Ribeira das Naus","source":"lisboa_aberta","source_ref":"4803","accessible":false}},{"type":"Feature","id":"2a44fbe9-743a-4916-9469-f46ff56dc728","geometry":{"type":"Point","coordinates":[-9.1498,38.751252]},"properties":{"id":"2a44fbe9-743a-4916-9469-f46ff56dc728","vertical":"bebedouros","kind":"bebedouro","name":"Bebedouro 2 no Jardim do Campo Grande","address":"Campo Grande","source":"lisboa_aberta","source_ref":"915","accessible":false}},{"type":"Feature","id":"330794a6-8058-43db-9a6a-ba577527ace2","geometry":{"type":"Point","coordinates":[-9.202155,38.717294]},"properties":{"id":"330794a6-8058-43db-9a6a-ba577527ace2","vertical":"bebedouros","kind":"bebedouro","name":"Bebedouro 2 no Miradouro dos Montes Claros","address":"Pista do Miradouro dos Montes Claros((Parque Florestal de Monsanto))","source":"lisboa_aberta","source_ref":"123","accessible":false}},{"type":"Feature","id":"e58042b4-2b11-40e6-8c59-3406be0b5990","geometry":{"type":"Point","coordinates":[-9.151424,38.726065]},"properties":{"id":"e58042b4-2b11-40e6-8c59-3406be0b5990","vertical":"bebedouros","kind":"bebedouro","name":"Bebedouro 2 no Parque Eduardo VII de Inglaterra","address":"Parque Eduardo VII de Inglaterra","source":"lisboa_aberta","source_ref":"5012","accessible":false}},{"type":"Feature","id":"11f1f328-1039-4d4b-81fd-c41819dd26b4","geometry":{"type":"Point","coordinates":[-9.154963,38.780652]},"properties":{"id":"11f1f328-1039-4d4b-81fd-c41819dd26b4","vertical":"bebedouros","kind":"bebedouro","name":"Bebedouro 2 no Parque Oeste","address":"Avenida Nuno Krus Abecassis(antiga Avenida 4 do Alto do Lumiar)","source":"lisboa_aberta","source_ref":"1318","accessible":false}},{"type":"Feature","id":"4c6307d9-0f0c-4d32-ba01-5fcc872cfd0b","geometry":{"type":"Point","coordinates":[-9.177765,38.734272]},"properties":{"id":"4c6307d9-0f0c-4d32-ba01-5fcc872cfd0b","vertical":"bebedouros","kind":"bebedouro","name":"Bebedouro 2 no Parque Recreativo do Alto da Serafina","address":"Caminho Pedreiras","source":"lisboa_aberta","source_ref":"818","accessible":false}},{"type":"Feature","id":"92a22d9f-4a3e-4f06-9438-9abeb7981f12","geometry":{"type":"Point","coordinates":[-9.094628,38.786796]},"properties":{"id":"92a22d9f-4a3e-4f06-9438-9abeb7981f12","vertical":"bebedouros","kind":"bebedouro","name":"Bebedouro 2 no Parque Tejo","address":"Caminho das Cegonhas","source":"lisboa_aberta","source_ref":"3377","accessible":false}},{"type":"Feature","id":"d01e9433-dcf7-43f0-8820-af48a0f9dd47","geometry":{"type":"Point","coordinates":[-9.173283,38.780891]},"properties":{"id":"d01e9433-dcf7-43f0-8820-af48a0f9dd47","vertical":"bebedouros","kind":"bebedouro","name":"Bebedouro 2 no Parque Urbano da Encosta do Olival","address":"Rua Isabel Magalhães Colaço","source":"lisboa_aberta","source_ref":"18150","accessible":false}},{"type":"Feature","id":"45699335-414c-4f4c-9671-e8a0daba357e","geometry":{"type":"Point","coordinates":[-9.192042,38.76694]},"properties":{"id":"45699335-414c-4f4c-9671-e8a0daba357e","vertical":"bebedouros","kind":"bebedouro","name":"Bebedouro 2 no Parque Verde de Carnide","address":"Estrada da Pontinha","source":"lisboa_aberta","source_ref":"1167","accessible":false}},{"type":"Feature","id":"85c6d1b0-04c8-4b58-b455-7b734a9b67c7","geometry":{"type":"Point","coordinates":[-9.126793,38.749655]},"properties":{"id":"85c6d1b0-04c8-4b58-b455-7b734a9b67c7","vertical":"bebedouros","kind":"bebedouro","name":"Bebedouro 2 no Parque da Belavista Central","address":"Avenida Dr. Arlindo Vicente(antiga Rua 1 da Zona N1 de Chelas)","source":"lisboa_aberta","source_ref":"2130","accessible":false}},{"type":"Feature","id":"ff8a70ab-751c-4a19-9d26-4cfe943afc1e","geometry":{"type":"Point","coordinates":[-9.200044,38.736407]},"properties":{"id":"ff8a70ab-751c-4a19-9d26-4cfe943afc1e","vertical":"bebedouros","kind":"bebedouro","name":"Bebedouro 2 no Parque de Merendas da Vila Guiné","address":"Vila Guiné(Estrada de Monsanto, 78A)","source":"lisboa_aberta","source_ref":"826","accessible":false}},{"type":"Feature","id":"a947d570-fb00-49b5-88d4-1f48fc7085c1","geometry":{"type":"Point","coordinates":[-9.186494,38.720036]},"properties":{"id":"a947d570-fb00-49b5-88d4-1f48fc7085c1","vertical":"bebedouros","kind":"bebedouro","name":"Bebedouro 2 no Parque do Alvito","address":"Estrada do Alvito","source":"lisboa_aberta","source_ref":"234","accessible":false}},{"type":"Feature","id":"0fc4eb59-000f-4468-bbd5-fb643ea8815b","geometry":{"type":"Point","coordinates":[-9.108925,38.752914]},"properties":{"id":"0fc4eb59-000f-4468-bbd5-fb643ea8815b","vertical":"bebedouros","kind":"bebedouro","name":"Bebedouro 2 no Parque do Vale Fundão","address":"Rua Prof. Lopo de Carvalho(antiga Rua I-20 da Malha I de Chelas)","source":"lisboa_aberta","source_ref":"2127","accessible":false}},{"type":"Feature","id":"a5f67b8a-2e13-4693-a011-ac146a8c8498","geometry":{"type":"Point","coordinates":[-9.117999,38.767622]},"properties":{"id":"a5f67b8a-2e13-4693-a011-ac146a8c8498","vertical":"bebedouros","kind":"bebedouro","name":"Bebedouro 2 no Parque do Vale do Silêncio","address":"Parque do Vale do Silêncio","source":"lisboa_aberta","source_ref":"3372","accessible":false}},{"type":"Feature","id":"53ac261f-f734-44fb-85a8-79cc03f574de","geometry":{"type":"Point","coordinates":[-9.188644,38.69674]},"properties":{"id":"53ac261f-f734-44fb-85a8-79cc03f574de","vertical":"bebedouros","kind":"bebedouro","name":"Bebedouro 2 no Passeio Carlos do Carmo","address":"Passeio Carlos do Carmo","source":"lisboa_aberta","source_ref":"3242","accessible":false}},{"type":"Feature","id":"6f2c251d-cb56-46fc-a6ed-e692fa709367","geometry":{"type":"Point","coordinates":[-9.18872,38.743478]},"properties":{"id":"6f2c251d-cb56-46fc-a6ed-e692fa709367","vertical":"bebedouros","kind":"bebedouro","name":"Bebedouro 3 da Mata de São Domingos de Benfica","address":"Parque Florestal de Monsanto","source":"lisboa_aberta","source_ref":"3947","accessible":false}},{"type":"Feature","id":"12685d2c-e99e-45d1-a242-c06d3a463b08","geometry":{"type":"Point","coordinates":[-9.124112,38.746092]},"properties":{"id":"12685d2c-e99e-45d1-a242-c06d3a463b08","vertical":"bebedouros","kind":"bebedouro","name":"Bebedouro 3 da Quinta da Montanha","address":"Azinhaga do Pombeiro","source":"lisboa_aberta","source_ref":"2150","accessible":false}},{"type":"Feature","id":"8b8486db-51a2-49b6-9915-3c68c2d2716d","geometry":{"type":"Point","coordinates":[-9.206713,38.695214]},"properties":{"id":"8b8486db-51a2-49b6-9915-3c68c2d2716d","vertical":"bebedouros","kind":"bebedouro","name":"Bebedouro 3 do Jardim da Praça do Império","address":"Praça do Império","source":"lisboa_aberta","source_ref":"3225","accessible":false}},{"type":"Feature","id":"a246c0e7-7612-4fed-80f9-7e72998c4a42","geometry":{"type":"Point","coordinates":[-9.217905,38.693198]},"properties":{"id":"a246c0e7-7612-4fed-80f9-7e72998c4a42","vertical":"bebedouros","kind":"bebedouro","name":"Bebedouro 3 do Jardim da Torre de Belém","address":"Jardim Torre de Belém","source":"lisboa_aberta","source_ref":"3235","accessible":true}},{"type":"Feature","id":"b26903af-ba0b-4145-99e4-5e9a9c1b5182","geometry":{"type":"Point","coordinates":[-9.097596,38.744221]},"properties":{"id":"b26903af-ba0b-4145-99e4-5e9a9c1b5182","vertical":"bebedouros","kind":"bebedouro","name":"Bebedouro 3 do Parque Ribeirinho Oriental","address":"Rua da Cintura do Porto de Lisboa","source":"lisboa_aberta","source_ref":"2158","accessible":false}},{"type":"Feature","id":"ee071f7a-10db-4f80-b76d-951d04bbea65","geometry":{"type":"Point","coordinates":[-9.169647,38.78311]},"properties":{"id":"ee071f7a-10db-4f80-b76d-951d04bbea65","vertical":"bebedouros","kind":"bebedouro","name":"Bebedouro 3 do Parque Urbano da Encosta do Olival","address":"Rua Isabel Magalhães Colaço","source":"lisboa_aberta","source_ref":"18155","accessible":false}},{"type":"Feature","id":"8161bf65-3516-4296-ab41-849d19fbb46e","geometry":{"type":"Point","coordinates":[-9.170201,38.725048]},"properties":{"id":"8161bf65-3516-4296-ab41-849d19fbb46e","vertical":"bebedouros","kind":"bebedouro","name":"Bebedouro 3 do Parque Urbano da Quinta da Bela Flor","address":"Rua da Bela-Flor(antiga Rua A da Quinta da Bela-Flor à Cascalheira)","source":"lisboa_aberta","source_ref":"1033","accessible":false}},{"type":"Feature","id":"609bf64e-9f16-41c7-924f-49c2ffdd8e2f","geometry":{"type":"Point","coordinates":[-9.172569,38.733841]},"properties":{"id":"609bf64e-9f16-41c7-924f-49c2ffdd8e2f","vertical":"bebedouros","kind":"bebedouro","name":"Bebedouro 3 do Parque do Calhau","address":"São Domingos de Benfica","source":"lisboa_aberta","source_ref":"1045","accessible":false}},{"type":"Feature","id":"276cb6ef-5da5-4c82-9606-c2a7ed68ca42","geometry":{"type":"Point","coordinates":[-9.193318,38.720437]},"properties":{"id":"276cb6ef-5da5-4c82-9606-c2a7ed68ca42","vertical":"bebedouros","kind":"bebedouro","name":"Bebedouro 3 junto ao Anfiteatro Keil do Amaral","address":"Alameda Keil do Amaral","source":"lisboa_aberta","source_ref":"257","accessible":true}},{"type":"Feature","id":"73ee7482-2d18-4612-aa31-bc37873c2fa0","geometry":{"type":"Point","coordinates":[-9.199282,38.69628]},"properties":{"id":"73ee7482-2d18-4612-aa31-bc37873c2fa0","vertical":"bebedouros","kind":"bebedouro","name":"Bebedouro 3 na Praça Afonso de Albuquerque","address":"Avenida da Índia","source":"lisboa_aberta","source_ref":"3231","accessible":true}},{"type":"Feature","id":"6c3a3068-8d35-4729-9aa6-67f5be00b1b6","geometry":{"type":"Point","coordinates":[-9.148111,38.775259]},"properties":{"id":"6c3a3068-8d35-4729-9aa6-67f5be00b1b6","vertical":"bebedouros","kind":"bebedouro","name":"Bebedouro 3 no Eixo Central do Alto do Lumiar","address":"Eixo Central(Alto do Lumiar)","source":"lisboa_aberta","source_ref":"33119","accessible":false}},{"type":"Feature","id":"e037b526-5cc3-4b96-9f55-b31449d59a74","geometry":{"type":"Point","coordinates":[-9.145426,38.734082]},"properties":{"id":"e037b526-5cc3-4b96-9f55-b31449d59a74","vertical":"bebedouros","kind":"bebedouro","name":"Bebedouro 3 no Eixo Central – Saldanha","address":"Praça do Duque de Saldanha","source":"lisboa_aberta","source_ref":"5023","accessible":true}},{"type":"Feature","id":"651efce1-3a7f-405c-a1f4-770376a6b580","geometry":{"type":"Point","coordinates":[-9.165001,38.736892]},"properties":{"id":"651efce1-3a7f-405c-a1f4-770376a6b580","vertical":"bebedouros","kind":"bebedouro","name":"Bebedouro 3 no Jardim da Amnistia","address":"Jardim Amnistia Internacional","source":"lisboa_aberta","source_ref":"1017","accessible":false}},{"type":"Feature","id":"b165ccd9-7b71-4d47-993c-8e63bea2afa1","geometry":{"type":"Point","coordinates":[-9.158999,38.715202]},"properties":{"id":"b165ccd9-7b71-4d47-993c-8e63bea2afa1","vertical":"bebedouros","kind":"bebedouro","name":"Bebedouro 3 no Jardim da Estrela","address":"Jardim Guerra Junqueiro(Jardim da Estrela)","source":"lisboa_aberta","source_ref":"1723","accessible":false}},{"type":"Feature","id":"0a3b30d0-11c7-4986-b4fc-4cf21b7d54c2","geometry":{"type":"Point","coordinates":[-9.139514,38.706212]},"properties":{"id":"0a3b30d0-11c7-4986-b4fc-4cf21b7d54c2","vertical":"bebedouros","kind":"bebedouro","name":"Bebedouro 3 no Jardim da Ribeira das Naus","address":"Avenida da Ribeira das Naus","source":"lisboa_aberta","source_ref":"4804","accessible":false}},{"type":"Feature","id":"3ddda2a9-e408-4931-859e-514f6c5fe9e8","geometry":{"type":"Point","coordinates":[-9.151726,38.754053]},"properties":{"id":"3ddda2a9-e408-4931-859e-514f6c5fe9e8","vertical":"bebedouros","kind":"bebedouro","name":"Bebedouro 3 no Jardim do Campo Grande","address":"Campo Grande","source":"lisboa_aberta","source_ref":"916","accessible":false}},{"type":"Feature","id":"fb2c4a5b-bda6-4157-b9ea-9446f0707deb","geometry":{"type":"Point","coordinates":[-9.150457,38.726576]},"properties":{"id":"fb2c4a5b-bda6-4157-b9ea-9446f0707deb","vertical":"bebedouros","kind":"bebedouro","name":"Bebedouro 3 no Parque Eduardo VII de Inglaterra","address":"Parque Eduardo VII de Inglaterra","source":"lisboa_aberta","source_ref":"5013","accessible":false}},{"type":"Feature","id":"0875b23b-f156-4c6b-a57c-694830fdabd7","geometry":{"type":"Point","coordinates":[-9.177925,38.733923]},"properties":{"id":"0875b23b-f156-4c6b-a57c-694830fdabd7","vertical":"bebedouros","kind":"bebedouro","name":"Bebedouro 3 no Parque Recreativo do Alto da Serafina","address":"Caminho Pedreiras","source":"lisboa_aberta","source_ref":"819","accessible":false}},{"type":"Feature","id":"029eba93-65a9-4790-9096-1df6179b52be","geometry":{"type":"Point","coordinates":[-9.094849,38.786275]},"properties":{"id":"029eba93-65a9-4790-9096-1df6179b52be","vertical":"bebedouros","kind":"bebedouro","name":"Bebedouro 3 no Parque Tejo","address":"Caminho dos Rouxinóis","source":"lisboa_aberta","source_ref":"3378","accessible":false}},{"type":"Feature","id":"3ee0a196-7769-4a3b-bcfb-8e633c3484f6","geometry":{"type":"Point","coordinates":[-9.189945,38.767212]},"properties":{"id":"3ee0a196-7769-4a3b-bcfb-8e633c3484f6","vertical":"bebedouros","kind":"bebedouro","name":"Bebedouro 3 no Parque Verde de Carnide","address":"Estrada da Pontinha","source":"lisboa_aberta","source_ref":"1168","accessible":false}},{"type":"Feature","id":"d1e1d171-8abb-4931-9c6c-6e0e6416f0a5","geometry":{"type":"Point","coordinates":[-9.127881,38.750927]},"properties":{"id":"d1e1d171-8abb-4931-9c6c-6e0e6416f0a5","vertical":"bebedouros","kind":"bebedouro","name":"Bebedouro 3 no Parque da Belavista Central","address":"Avenida Dr. Arlindo Vicente(antiga Rua 1 da Zona N1 de Chelas)","source":"lisboa_aberta","source_ref":"2131","accessible":false}},{"type":"Feature","id":"535f2238-7d8e-481d-b95e-fd749d178907","geometry":{"type":"Point","coordinates":[-9.176247,38.730898]},"properties":{"id":"535f2238-7d8e-481d-b95e-fd749d178907","vertical":"bebedouros","kind":"bebedouro","name":"Bebedouro 3 no Parque da Pedra","address":"Estrada Bela Vista","source":"lisboa_aberta","source_ref":"1043","accessible":false}},{"type":"Feature","id":"297a52e4-942b-4cec-b0a7-941de1465249","geometry":{"type":"Point","coordinates":[-9.18685,38.720035]},"properties":{"id":"297a52e4-942b-4cec-b0a7-941de1465249","vertical":"bebedouros","kind":"bebedouro","name":"Bebedouro 3 no Parque do Alvito","address":"Estrada do Alvito","source":"lisboa_aberta","source_ref":"235","accessible":false}},{"type":"Feature","id":"1b29d0fd-1e4a-4b16-a3aa-9e47a0ef5795","geometry":{"type":"Point","coordinates":[-9.15271,38.779683]},"properties":{"id":"1b29d0fd-1e4a-4b16-a3aa-9e47a0ef5795","vertical":"bebedouros","kind":"bebedouro","name":"Bebedouro 3 no Parque do Vale Grande","address":"Avenida Nuno Krus Abecassis(antiga Avenida 4 do Alto do Lumiar)","source":"lisboa_aberta","source_ref":"1322","accessible":true}},{"type":"Feature","id":"90a1bc99-fda0-455e-abf7-c8f8113fbb2c","geometry":{"type":"Point","coordinates":[-9.127885,38.745603]},"properties":{"id":"90a1bc99-fda0-455e-abf7-c8f8113fbb2c","vertical":"bebedouros","kind":"bebedouro","name":"Bebedouro 4 da Quinta da Montanha","address":"Rua Jorge Amado(antiga Rua M1 da Zona M de Chelas)","source":"lisboa_aberta","source_ref":"2152","accessible":false}},{"type":"Feature","id":"d3e5de37-9ca4-47cb-aae3-2494f62f8d51","geometry":{"type":"Point","coordinates":[-9.207216,38.696451]},"properties":{"id":"d3e5de37-9ca4-47cb-aae3-2494f62f8d51","vertical":"bebedouros","kind":"bebedouro","name":"Bebedouro 4 do Jardim da Praça do Império","address":"Praça do Império","source":"lisboa_aberta","source_ref":"3226","accessible":false}},{"type":"Feature","id":"bca61bce-8744-4b03-964b-4c2bdfaf783e","geometry":{"type":"Point","coordinates":[-9.097163,38.744181]},"properties":{"id":"bca61bce-8744-4b03-964b-4c2bdfaf783e","vertical":"bebedouros","kind":"bebedouro","name":"Bebedouro 4 do Parque Ribeirinho Oriental","address":"Rua da Cintura do Porto de Lisboa","source":"lisboa_aberta","source_ref":"2159","accessible":false}},{"type":"Feature","id":"b619ff67-4c60-42c7-a880-22741529d1e7","geometry":{"type":"Point","coordinates":[-9.169431,38.72489]},"properties":{"id":"b619ff67-4c60-42c7-a880-22741529d1e7","vertical":"bebedouros","kind":"bebedouro","name":"Bebedouro 4 do Parque Urbano da Quinta da Bela Flor","address":"Rua da Bela-Flor(antiga Rua A da Quinta da Bela-Flor à Cascalheira)","source":"lisboa_aberta","source_ref":"1034","accessible":false}},{"type":"Feature","id":"e62e6b56-f34b-42bc-8045-4702011b92ba","geometry":{"type":"Point","coordinates":[-9.172369,38.736547]},"properties":{"id":"e62e6b56-f34b-42bc-8045-4702011b92ba","vertical":"bebedouros","kind":"bebedouro","name":"Bebedouro 4 do Parque do Calhau","address":"Avenida General Correia Barreto(antiga Radial de Benfica)","source":"lisboa_aberta","source_ref":"1046","accessible":false}},{"type":"Feature","id":"2881c321-77bc-4e2d-97dc-fb998d6ee825","geometry":{"type":"Point","coordinates":[-9.192554,38.720308]},"properties":{"id":"2881c321-77bc-4e2d-97dc-fb998d6ee825","vertical":"bebedouros","kind":"bebedouro","name":"Bebedouro 4 na Alameda Keil do Amaral","address":"Alameda Keil do Amaral","source":"lisboa_aberta","source_ref":"259","accessible":false}},{"type":"Feature","id":"c665646f-02da-4bc1-bb83-3b9e44f979e7","geometry":{"type":"Point","coordinates":[-9.147817,38.775992]},"properties":{"id":"c665646f-02da-4bc1-bb83-3b9e44f979e7","vertical":"bebedouros","kind":"bebedouro","name":"Bebedouro 4 no Eixo Central do Alto do Lumiar","address":"Eixo Central(Alto do Lumiar)","source":"lisboa_aberta","source_ref":"33120","accessible":false}},{"type":"Feature","id":"7296e935-93bb-4af7-88b1-c713d85b2b32","geometry":{"type":"Point","coordinates":[-9.164151,38.736134]},"properties":{"id":"7296e935-93bb-4af7-88b1-c713d85b2b32","vertical":"bebedouros","kind":"bebedouro","name":"Bebedouro 4 no Jardim da Aministia","address":"Jardim Amnistia Internacional","source":"lisboa_aberta","source_ref":"1023","accessible":false}},{"type":"Feature","id":"e454e329-5321-411e-8ad5-3d2b02fdcb4a","geometry":{"type":"Point","coordinates":[-9.160518,38.715282]},"properties":{"id":"e454e329-5321-411e-8ad5-3d2b02fdcb4a","vertical":"bebedouros","kind":"bebedouro","name":"Bebedouro 4 no Jardim da Estrela","address":"Jardim Guerra Junqueiro(Jardim da Estrela)","source":"lisboa_aberta","source_ref":"1724","accessible":false}},{"type":"Feature","id":"6baf650e-08be-4bc4-97b4-1dd561eb8b24","geometry":{"type":"Point","coordinates":[-9.15304,38.755265]},"properties":{"id":"6baf650e-08be-4bc4-97b4-1dd561eb8b24","vertical":"bebedouros","kind":"bebedouro","name":"Bebedouro 4 no Jardim do Campo Grande","address":"Campo Grande","source":"lisboa_aberta","source_ref":"917","accessible":false}},{"type":"Feature","id":"25917d2d-c9fa-4f2e-bf1f-ec75171ee492","geometry":{"type":"Point","coordinates":[-9.151254,38.727481]},"properties":{"id":"25917d2d-c9fa-4f2e-bf1f-ec75171ee492","vertical":"bebedouros","kind":"bebedouro","name":"Bebedouro 4 no Parque Eduardo VII de Inglaterra","address":"Parque Eduardo VII de Inglaterra","source":"lisboa_aberta","source_ref":"5014","accessible":false}},{"type":"Feature","id":"e23fab8f-b4c6-408c-a4f2-72d9e59caaf3","geometry":{"type":"Point","coordinates":[-9.176177,38.733691]},"properties":{"id":"e23fab8f-b4c6-408c-a4f2-72d9e59caaf3","vertical":"bebedouros","kind":"bebedouro","name":"Bebedouro 4 no Parque Recreativo do Alto da Serafina","address":"Caminho Pedreiras","source":"lisboa_aberta","source_ref":"820","accessible":false}},{"type":"Feature","id":"be054251-adff-4e7e-b822-779f423ecd13","geometry":{"type":"Point","coordinates":[-9.093842,38.786629]},"properties":{"id":"be054251-adff-4e7e-b822-779f423ecd13","vertical":"bebedouros","kind":"bebedouro","name":"Bebedouro 4 no Parque Tejo","address":"Passeio do Parque","source":"lisboa_aberta","source_ref":"3379","accessible":false}},{"type":"Feature","id":"aa13e408-fc35-4104-aade-9c79e8047530","geometry":{"type":"Point","coordinates":[-9.126222,38.750624]},"properties":{"id":"aa13e408-fc35-4104-aade-9c79e8047530","vertical":"bebedouros","kind":"bebedouro","name":"Bebedouro 4 no Parque da Belavista Central","address":"Avenida Dr. Arlindo Vicente(antiga Rua 1 da Zona N1 de Chelas)","source":"lisboa_aberta","source_ref":"2132","accessible":false}},{"type":"Feature","id":"9a7dfdc3-aaf4-4adc-a860-60c7224dee50","geometry":{"type":"Point","coordinates":[-9.186805,38.719424]},"properties":{"id":"9a7dfdc3-aaf4-4adc-a860-60c7224dee50","vertical":"bebedouros","kind":"bebedouro","name":"Bebedouro 4 no Parque do Alvito","address":"Estrada do Alvito","source":"lisboa_aberta","source_ref":"236","accessible":false}},{"type":"Feature","id":"43ca89f1-5a9b-4856-aa8b-d8cdb9a1f49a","geometry":{"type":"Point","coordinates":[-9.124196,38.745039]},"properties":{"id":"43ca89f1-5a9b-4856-aa8b-d8cdb9a1f49a","vertical":"bebedouros","kind":"bebedouro","name":"Bebedouro 5 da Quinta da Montanha","address":"Rua Jorge Amado(antiga Rua M1 da Zona M de Chelas)","source":"lisboa_aberta","source_ref":"2153","accessible":false}},{"type":"Feature","id":"7edbc146-e465-4cac-9055-1de203b584ae","geometry":{"type":"Point","coordinates":[-9.09727,38.745527]},"properties":{"id":"7edbc146-e465-4cac-9055-1de203b584ae","vertical":"bebedouros","kind":"bebedouro","name":"Bebedouro 5 do Parque Ribeirinho Oriental","address":"Rua da Cintura do Porto de Lisboa","source":"lisboa_aberta","source_ref":"2160","accessible":false}},{"type":"Feature","id":"ade7cdb9-cbbf-4463-b3b1-228fe850ed95","geometry":{"type":"Point","coordinates":[-9.147081,38.777787]},"properties":{"id":"ade7cdb9-cbbf-4463-b3b1-228fe850ed95","vertical":"bebedouros","kind":"bebedouro","name":"Bebedouro 5 no Eixo Central do Alto do Lumiar","address":"Eixo Central(Alto do Lumiar)","source":"lisboa_aberta","source_ref":"1320","accessible":false}},{"type":"Feature","id":"adfa6234-daac-42f7-a623-f0725f598e45","geometry":{"type":"Point","coordinates":[-9.160356,38.714786]},"properties":{"id":"adfa6234-daac-42f7-a623-f0725f598e45","vertical":"bebedouros","kind":"bebedouro","name":"Bebedouro 5 no Jardim da Estrela","address":"Jardim Guerra Junqueiro(Jardim da Estrela)","source":"lisboa_aberta","source_ref":"1725","accessible":false}},{"type":"Feature","id":"bb8277f1-df00-44b8-8014-7883ae2edcc6","geometry":{"type":"Point","coordinates":[-9.153715,38.757346]},"properties":{"id":"bb8277f1-df00-44b8-8014-7883ae2edcc6","vertical":"bebedouros","kind":"bebedouro","name":"Bebedouro 5 no Jardim do Campo Grande","address":"Campo Grande","source":"lisboa_aberta","source_ref":"918","accessible":false}},{"type":"Feature","id":"3ae10e5f-9535-4912-accd-99f82f87f9d1","geometry":{"type":"Point","coordinates":[-9.152213,38.726987]},"properties":{"id":"3ae10e5f-9535-4912-accd-99f82f87f9d1","vertical":"bebedouros","kind":"bebedouro","name":"Bebedouro 5 no Parque Eduardo VII de Inglaterra","address":"Parque Eduardo VII de Inglaterra","source":"lisboa_aberta","source_ref":"5020","accessible":false}},{"type":"Feature","id":"5581001b-10f2-43e7-a07b-b4e0e3703bb7","geometry":{"type":"Point","coordinates":[-9.177843,38.733208]},"properties":{"id":"5581001b-10f2-43e7-a07b-b4e0e3703bb7","vertical":"bebedouros","kind":"bebedouro","name":"Bebedouro 5 no Parque Recreativo do Alto da Serafina","address":"Caminho Pedreiras","source":"lisboa_aberta","source_ref":"823","accessible":false}},{"type":"Feature","id":"da71695d-2e41-4762-bd0b-aeba15d2365a","geometry":{"type":"Point","coordinates":[-9.092394,38.786441]},"properties":{"id":"da71695d-2e41-4762-bd0b-aeba15d2365a","vertical":"bebedouros","kind":"bebedouro","name":"Bebedouro 5 no Parque Tejo","address":"Passeio do Sapal","source":"lisboa_aberta","source_ref":"3380","accessible":false}},{"type":"Feature","id":"aeb3448d-1ed3-430f-9c60-102eeef365a8","geometry":{"type":"Point","coordinates":[-9.125095,38.750747]},"properties":{"id":"aeb3448d-1ed3-430f-9c60-102eeef365a8","vertical":"bebedouros","kind":"bebedouro","name":"Bebedouro 5 no Parque da Belavista Central","address":"Avenida Dr. Arlindo Vicente(antiga Rua 1 da Zona N1 de Chelas)","source":"lisboa_aberta","source_ref":"2133","accessible":false}},{"type":"Feature","id":"6063b0d2-d1a2-42f3-bb10-26e00f586b99","geometry":{"type":"Point","coordinates":[-9.186506,38.719451]},"properties":{"id":"6063b0d2-d1a2-42f3-bb10-26e00f586b99","vertical":"bebedouros","kind":"bebedouro","name":"Bebedouro 5 no Parque do Alvito","address":"Estrada do Alvito","source":"lisboa_aberta","source_ref":"237","accessible":false}},{"type":"Feature","id":"f9c6c052-e90f-4f6c-9a84-0e06d882dcdd","geometry":{"type":"Point","coordinates":[-9.123189,38.745601]},"properties":{"id":"f9c6c052-e90f-4f6c-9a84-0e06d882dcdd","vertical":"bebedouros","kind":"bebedouro","name":"Bebedouro 6 da Quinta da Montanha","address":"Rua Jorge Amado(antiga Rua M1 da Zona M de Chelas)","source":"lisboa_aberta","source_ref":"2154","accessible":false}},{"type":"Feature","id":"18b58908-6d17-466a-814c-18614b35ac21","geometry":{"type":"Point","coordinates":[-9.096871,38.745287]},"properties":{"id":"18b58908-6d17-466a-814c-18614b35ac21","vertical":"bebedouros","kind":"bebedouro","name":"Bebedouro 6 do Parque Ribeirinho Oriental","address":"Rua da Cintura do Porto de Lisboa","source":"lisboa_aberta","source_ref":"2161","accessible":false}},{"type":"Feature","id":"c277c3fc-a622-48eb-9803-db497f866fa3","geometry":{"type":"Point","coordinates":[-9.146733,38.778627]},"properties":{"id":"c277c3fc-a622-48eb-9803-db497f866fa3","vertical":"bebedouros","kind":"bebedouro","name":"Bebedouro 6 no Eixo Central do Alto do Lumiar","address":"Eixo Central(Alto do Lumiar)","source":"lisboa_aberta","source_ref":"1321","accessible":false}},{"type":"Feature","id":"6f0ea718-d45e-4690-8d0f-cc9d9a38e9e7","geometry":{"type":"Point","coordinates":[-9.160421,38.713893]},"properties":{"id":"6f0ea718-d45e-4690-8d0f-cc9d9a38e9e7","vertical":"bebedouros","kind":"bebedouro","name":"Bebedouro 6 no Jardim da Estrela","address":"Jardim Guerra Junqueiro(Jardim da Estrela)","source":"lisboa_aberta","source_ref":"1726","accessible":false}},{"type":"Feature","id":"0e0ddb3b-c322-4bfd-97a0-416126442db6","geometry":{"type":"Point","coordinates":[-9.178127,38.733335]},"properties":{"id":"0e0ddb3b-c322-4bfd-97a0-416126442db6","vertical":"bebedouros","kind":"bebedouro","name":"Bebedouro 6 no Parque Recreativo do Alto da Serafina","address":"Caminho Pedreiras","source":"lisboa_aberta","source_ref":"824","accessible":false}},{"type":"Feature","id":"081d5576-4a99-4b3f-8523-8bb8740b277d","geometry":{"type":"Point","coordinates":[-9.093098,38.782275]},"properties":{"id":"081d5576-4a99-4b3f-8523-8bb8740b277d","vertical":"bebedouros","kind":"bebedouro","name":"Bebedouro 6 no Parque Tejo","address":"Passeio dos Heróis do Mar","source":"lisboa_aberta","source_ref":"3381","accessible":false}},{"type":"Feature","id":"78c5c2cd-5806-444b-87fd-1a715d68f430","geometry":{"type":"Point","coordinates":[-9.126443,38.751336]},"properties":{"id":"78c5c2cd-5806-444b-87fd-1a715d68f430","vertical":"bebedouros","kind":"bebedouro","name":"Bebedouro 6 no Parque da Belavista Central","address":"Avenida Dr. Arlindo Vicente(antiga Rua 1 da Zona N1 de Chelas)","source":"lisboa_aberta","source_ref":"2134","accessible":false}},{"type":"Feature","id":"ea3b6a6e-2f8f-4c73-831d-59c12b7600ec","geometry":{"type":"Point","coordinates":[-9.186507,38.719362]},"properties":{"id":"ea3b6a6e-2f8f-4c73-831d-59c12b7600ec","vertical":"bebedouros","kind":"bebedouro","name":"Bebedouro 6 no Parque do Alvito","address":"Estrada do Alvito","source":"lisboa_aberta","source_ref":"238","accessible":false}},{"type":"Feature","id":"bc3522e5-2a91-40d5-8314-d38d4fc733bf","geometry":{"type":"Point","coordinates":[-9.121983,38.744323]},"properties":{"id":"bc3522e5-2a91-40d5-8314-d38d4fc733bf","vertical":"bebedouros","kind":"bebedouro","name":"Bebedouro 7 da Quinta da Montanha","address":"Rua Jorge Amado(antiga Rua M1 da Zona M de Chelas)","source":"lisboa_aberta","source_ref":"2155","accessible":false}},{"type":"Feature","id":"365ebd56-2a5e-4260-8a88-e56ca137e131","geometry":{"type":"Point","coordinates":[-9.096721,38.745799]},"properties":{"id":"365ebd56-2a5e-4260-8a88-e56ca137e131","vertical":"bebedouros","kind":"bebedouro","name":"Bebedouro 7 do Parque Ribeirinho Oriental","address":"Rua da Cintura do Porto de Lisboa","source":"lisboa_aberta","source_ref":"2162","accessible":false}},{"type":"Feature","id":"95fd1390-d7d4-4e25-b73d-1e6c139c48c8","geometry":{"type":"Point","coordinates":[-9.159559,38.713851]},"properties":{"id":"95fd1390-d7d4-4e25-b73d-1e6c139c48c8","vertical":"bebedouros","kind":"bebedouro","name":"Bebedouro 7 no Jardim da Estrela","address":"Jardim Guerra Junqueiro(Jardim da Estrela)","source":"lisboa_aberta","source_ref":"1727","accessible":false}},{"type":"Feature","id":"95c7d6e3-a445-4ef9-9638-b693927e6c10","geometry":{"type":"Point","coordinates":[-9.092198,38.77999]},"properties":{"id":"95c7d6e3-a445-4ef9-9638-b693927e6c10","vertical":"bebedouros","kind":"bebedouro","name":"Bebedouro 7 no Parque Tejo","address":"Passeio dos Heróis do Mar","source":"lisboa_aberta","source_ref":"3382","accessible":false}},{"type":"Feature","id":"6700d337-b97b-4356-bb2e-f5bdfbd04c12","geometry":{"type":"Point","coordinates":[-9.127379,38.753271]},"properties":{"id":"6700d337-b97b-4356-bb2e-f5bdfbd04c12","vertical":"bebedouros","kind":"bebedouro","name":"Bebedouro 7 no Parque da Belavista Central","address":"Avenida Dr. Arlindo Vicente(antiga Rua 1 da Zona N1 de Chelas)","source":"lisboa_aberta","source_ref":"2135","accessible":false}},{"type":"Feature","id":"a956cb5a-bc91-49f1-b8b9-2ec4232e2380","geometry":{"type":"Point","coordinates":[-9.186624,38.718954]},"properties":{"id":"a956cb5a-bc91-49f1-b8b9-2ec4232e2380","vertical":"bebedouros","kind":"bebedouro","name":"Bebedouro 7 no Parque do Alvito","address":"Estrada do Alvito","source":"lisboa_aberta","source_ref":"239","accessible":false}},{"type":"Feature","id":"b193a8a6-7fbd-4693-a3d8-2fffd92f84c0","geometry":{"type":"Point","coordinates":[-9.096985,38.74652]},"properties":{"id":"b193a8a6-7fbd-4693-a3d8-2fffd92f84c0","vertical":"bebedouros","kind":"bebedouro","name":"Bebedouro 8 do Parque Ribeirinho Oriental","address":"Rua da Cintura do Porto de Lisboa","source":"lisboa_aberta","source_ref":"2163","accessible":false}},{"type":"Feature","id":"5d5b3a8f-d81f-4e67-a7bf-bcea87392940","geometry":{"type":"Point","coordinates":[-9.091119,38.779706]},"properties":{"id":"5d5b3a8f-d81f-4e67-a7bf-bcea87392940","vertical":"bebedouros","kind":"bebedouro","name":"Bebedouro 8 do Parque Tejo","address":"Passeio do Tejo","source":"lisboa_aberta","source_ref":"3383","accessible":false}},{"type":"Feature","id":"0da6de2b-d7f9-4cf7-91e5-babfd10944ff","geometry":{"type":"Point","coordinates":[-9.159099,38.714537]},"properties":{"id":"0da6de2b-d7f9-4cf7-91e5-babfd10944ff","vertical":"bebedouros","kind":"bebedouro","name":"Bebedouro 8 no Jardim da Estrela","address":"Jardim Guerra Junqueiro(Jardim da Estrela)","source":"lisboa_aberta","source_ref":"1728","accessible":false}},{"type":"Feature","id":"7874aae2-dfd6-43b0-a279-d568127bcdb5","geometry":{"type":"Point","coordinates":[-9.127382,38.753286]},"properties":{"id":"7874aae2-dfd6-43b0-a279-d568127bcdb5","vertical":"bebedouros","kind":"bebedouro","name":"Bebedouro 8 no Parque da Belavista Central","address":"Avenida Dr. Arlindo Vicente(antiga Rua 1 da Zona N1 de Chelas)","source":"lisboa_aberta","source_ref":"2136","accessible":false}},{"type":"Feature","id":"8dbb799f-940f-42ab-835f-9110ad167a4d","geometry":{"type":"Point","coordinates":[-9.186382,38.719176]},"properties":{"id":"8dbb799f-940f-42ab-835f-9110ad167a4d","vertical":"bebedouros","kind":"bebedouro","name":"Bebedouro 8 no Parque do Alvito","address":"Estrada do Alvito","source":"lisboa_aberta","source_ref":"240","accessible":false}},{"type":"Feature","id":"f78e35ef-ebc2-4053-9e5c-120be2973810","geometry":{"type":"Point","coordinates":[-9.096358,38.747114]},"properties":{"id":"f78e35ef-ebc2-4053-9e5c-120be2973810","vertical":"bebedouros","kind":"bebedouro","name":"Bebedouro 9 do Parque Ribeirinho Oriental","address":"Rua da Cintura do Porto de Lisboa","source":"lisboa_aberta","source_ref":"2164","accessible":false}},{"type":"Feature","id":"fbe88e27-6c95-41d7-8098-3b15f7c12f93","geometry":{"type":"Point","coordinates":[-9.091956,38.779032]},"properties":{"id":"fbe88e27-6c95-41d7-8098-3b15f7c12f93","vertical":"bebedouros","kind":"bebedouro","name":"Bebedouro 9 do Parque Tejo","address":"Passeio dos Heróis do Mar","source":"lisboa_aberta","source_ref":"3384","accessible":false}},{"type":"Feature","id":"0c8dd1cb-d667-4a76-ad62-e2f311825a2d","geometry":{"type":"Point","coordinates":[-9.127531,38.753192]},"properties":{"id":"0c8dd1cb-d667-4a76-ad62-e2f311825a2d","vertical":"bebedouros","kind":"bebedouro","name":"Bebedouro 9 no Parque da Belavista Central","address":"Avenida Dr. Arlindo Vicente(antiga Rua 1 da Zona N1 de Chelas)","source":"lisboa_aberta","source_ref":"2137","accessible":false}},{"type":"Feature","id":"6f136d96-c7de-4e74-8c7f-1414174137f3","geometry":{"type":"Point","coordinates":[-9.186005,38.719034]},"properties":{"id":"6f136d96-c7de-4e74-8c7f-1414174137f3","vertical":"bebedouros","kind":"bebedouro","name":"Bebedouro 9 no Parque do Alvito","address":"Estrada do Alvito","source":"lisboa_aberta","source_ref":"241","accessible":false}},{"type":"Feature","id":"b7ba32f0-9f98-49d5-8f90-a0678a34def9","geometry":{"type":"Point","coordinates":[-9.185703,38.719448]},"properties":{"id":"b7ba32f0-9f98-49d5-8f90-a0678a34def9","vertical":"bebedouros","kind":"bebedouro","name":"Bebedouro Exterior na Entrada do Parque Recreativo do Alvito","address":"Estrada do Alvito","source":"lisboa_aberta","source_ref":"225","accessible":false}},{"type":"Feature","id":"82d2c20f-8d8a-4067-a834-89114bd125db","geometry":{"type":"Point","coordinates":[-9.19249,38.74512]},"properties":{"id":"82d2c20f-8d8a-4067-a834-89114bd125db","vertical":"bebedouros","kind":"bebedouro","name":"Bebedouro Junto ao Campo de Basquetebol do Calhariz","address":"Estrada do Calhariz de Benfica","source":"lisboa_aberta","source_ref":"878","accessible":true}},{"type":"Feature","id":"6c0e9c96-d300-4482-b07a-77bef7131f0a","geometry":{"type":"Point","coordinates":[-9.207294,38.695834]},"properties":{"id":"6c0e9c96-d300-4482-b07a-77bef7131f0a","vertical":"bebedouros","kind":"bebedouro","name":"Bebedouro Junto ao Centro Cultural de Belém","address":"Praça do Império","source":"lisboa_aberta","source_ref":"3238","accessible":true}},{"type":"Feature","id":"4c1ed2b6-5a51-4f3d-a08a-2addb34f8293","geometry":{"type":"Point","coordinates":[-9.15569,38.770847]},"properties":{"id":"4c1ed2b6-5a51-4f3d-a08a-2addb34f8293","vertical":"bebedouros","kind":"bebedouro","name":"Bebedouro Junto ao Parque Infantil da Quinta das Conchas","address":"Alameda das Linhas de Torres","source":"lisboa_aberta","source_ref":"1887","accessible":false}},{"type":"Feature","id":"d1dfb59f-39e0-47c2-a1c1-5be7460bbca7","geometry":{"type":"Point","coordinates":[-9.195919,38.742321]},"properties":{"id":"d1dfb59f-39e0-47c2-a1c1-5be7460bbca7","vertical":"bebedouros","kind":"bebedouro","name":"Bebedouro Junto aos Viveiros da Qtª. da Fonte- Travessa de Francisco Rezende","address":"Travessa de Francisco Rezende","source":"lisboa_aberta","source_ref":"877","accessible":true}},{"type":"Feature","id":"63e77af6-14b6-4a8c-952f-626f567ed659","geometry":{"type":"Point","coordinates":[-9.205276,38.750192]},"properties":{"id":"63e77af6-14b6-4a8c-952f-626f567ed659","vertical":"bebedouros","kind":"bebedouro","name":"Bebedouro Junto à Entrada do Campo Desportivo","address":"Rua Olivério Serpa","source":"lisboa_aberta","source_ref":"874","accessible":true}},{"type":"Feature","id":"bcfb2d1d-b893-46d5-bd21-56920c01e68d","geometry":{"type":"Point","coordinates":[-9.187994,38.753331]},"properties":{"id":"bcfb2d1d-b893-46d5-bd21-56920c01e68d","vertical":"bebedouros","kind":"bebedouro","name":"Bebedouro Junto à Entrada do Centro Comercial Colombo- Av. do Colégio Militar","address":"Avenida do Colégio Militar","source":"lisboa_aberta","source_ref":"879","accessible":true}},{"type":"Feature","id":"541fa12d-227b-40f9-ba2e-d305c0825f75","geometry":{"type":"Point","coordinates":[-9.203619,38.749288]},"properties":{"id":"541fa12d-227b-40f9-ba2e-d305c0825f75","vertical":"bebedouros","kind":"bebedouro","name":"Bebedouro Junto à Entrada do Parque Silva Porto","address":"Alameda Padre Álvaro Proença","source":"lisboa_aberta","source_ref":"875","accessible":true}},{"type":"Feature","id":"84bd1c0d-8002-4bd5-a056-a2f7821cd897","geometry":{"type":"Point","coordinates":[-9.204628,38.747709]},"properties":{"id":"84bd1c0d-8002-4bd5-a056-a2f7821cd897","vertical":"bebedouros","kind":"bebedouro","name":"Bebedouro Junto à Entrada do Parque Silva Porto-Rua Doutor José Alberto de Faria","address":"Rua Doutor José Alberto de Faria","source":"lisboa_aberta","source_ref":"876","accessible":true}},{"type":"Feature","id":"806fe808-917a-409f-be63-83b64ddbdae6","geometry":{"type":"Point","coordinates":[-9.184907,38.703684]},"properties":{"id":"806fe808-917a-409f-be63-83b64ddbdae6","vertical":"bebedouros","kind":"bebedouro","name":"Bebedouro Junto à Escola Básica de Santo Amaro","address":"Rua Pedro Calmon(antiga Rua Avelar Brotero)","source":"lisboa_aberta","source_ref":"254","accessible":true}},{"type":"Feature","id":"153cf07e-f949-4119-b381-5ae9e6867047","geometry":{"type":"Point","coordinates":[-9.16349,38.736449]},"properties":{"id":"153cf07e-f949-4119-b381-5ae9e6867047","vertical":"bebedouros","kind":"bebedouro","name":"Bebedouro Junto à Rua Cardeal Saraiva","address":"Rua Cardeal Saraiva(antiga Rua A à Avenida José Malhoa)","source":"lisboa_aberta","source_ref":"1042","accessible":false}},{"type":"Feature","id":"029b8694-9545-4637-a556-2da9230bc153","geometry":{"type":"Point","coordinates":[-9.137934,38.745875]},"properties":{"id":"029b8694-9545-4637-a556-2da9230bc153","vertical":"bebedouros","kind":"bebedouro","name":"Bebedouro da Avenida Frei Miguel Contreiras","address":"Avenida Frei Miguel Contreiras","source":"lisboa_aberta","source_ref":"408","accessible":true}},{"type":"Feature","id":"4ba3462f-67f7-4374-8c0d-d8005545bf23","geometry":{"type":"Point","coordinates":[-9.196292,38.714075]},"properties":{"id":"4ba3462f-67f7-4374-8c0d-d8005545bf23","vertical":"bebedouros","kind":"bebedouro","name":"Bebedouro da Bacia de Retenção da Ajuda","address":"Avenida da Universidade Técnica","source":"lisboa_aberta","source_ref":"139","accessible":true}},{"type":"Feature","id":"3d3b2219-4f21-401b-a265-701de0b944eb","geometry":{"type":"Point","coordinates":[-9.199316,38.704242]},"properties":{"id":"3d3b2219-4f21-401b-a265-701de0b944eb","vertical":"bebedouros","kind":"bebedouro","name":"Bebedouro da Calçada da Ajuda 202","address":"Calçada da Ajuda","source":"lisboa_aberta","source_ref":"141","accessible":true}},{"type":"Feature","id":"a83779ce-4a14-4d51-b5db-6c10497a1ab4","geometry":{"type":"Point","coordinates":[-9.160418,38.753986]},"properties":{"id":"a83779ce-4a14-4d51-b5db-6c10497a1ab4","vertical":"bebedouros","kind":"bebedouro","name":"Bebedouro da Cidade Universitária","address":"Avenida Professor Gama Pinto","source":"lisboa_aberta","source_ref":"927","accessible":true}},{"type":"Feature","id":"c09cad9b-bde1-4ccd-9dd2-0fe41cbf3e4a","geometry":{"type":"Point","coordinates":[-9.198197,38.718257]},"properties":{"id":"c09cad9b-bde1-4ccd-9dd2-0fe41cbf3e4a","vertical":"bebedouros","kind":"bebedouro","name":"Bebedouro da Entrada Ocidental da Alameda Keil do Amaral","address":"Alameda Keil do Amaral","source":"lisboa_aberta","source_ref":"138","accessible":true}},{"type":"Feature","id":"f6ea83a8-14f0-4368-95b5-b54ed094b028","geometry":{"type":"Point","coordinates":[-9.199172,38.755271]},"properties":{"id":"f6ea83a8-14f0-4368-95b5-b54ed094b028","vertical":"bebedouros","kind":"bebedouro","name":"Bebedouro da Entrada do Eucaliptal de Benfica","address":"Estrada dos Arneiros","source":"lisboa_aberta","source_ref":"872","accessible":true}},{"type":"Feature","id":"a62d132d-aa74-4a3e-9b4c-983a14a5a65e","geometry":{"type":"Point","coordinates":[-9.130295,38.748305]},"properties":{"id":"a62d132d-aa74-4a3e-9b4c-983a14a5a65e","vertical":"bebedouros","kind":"bebedouro","name":"Bebedouro da Entrada do Parque da Quinta da Montanha","address":"Rua Interior à Azinhaga da Fonte do Louro","source":"lisboa_aberta","source_ref":"409","accessible":true}},{"type":"Feature","id":"5b55e85d-36a0-4dd2-8d55-b751c90fa9c9","geometry":{"type":"Point","coordinates":[-9.114832,38.76861]},"properties":{"id":"5b55e85d-36a0-4dd2-8d55-b751c90fa9c9","vertical":"bebedouros","kind":"bebedouro","name":"Bebedouro da Entrada do Parque do Vale do Silêncio","address":"Avenida de Berlim","source":"lisboa_aberta","source_ref":"33127","accessible":true}},{"type":"Feature","id":"07b8a911-1bc3-40f0-bad9-c4f01cc555f7","geometry":{"type":"Point","coordinates":[-9.202438,38.750951]},"properties":{"id":"07b8a911-1bc3-40f0-bad9-c4f01cc555f7","vertical":"bebedouros","kind":"bebedouro","name":"Bebedouro da Estrada de Benfica em frente à Igreja","address":"Estrada de Benfica","source":"lisboa_aberta","source_ref":"873","accessible":true}},{"type":"Feature","id":"fe19e153-7f44-465e-8ad1-bc8819e76b1a","geometry":{"type":"Point","coordinates":[-9.195266,38.71207]},"properties":{"id":"fe19e153-7f44-465e-8ad1-bc8819e76b1a","vertical":"bebedouros","kind":"bebedouro","name":"Bebedouro da Faculdade de Arquitetura","address":"Rua Sá Nogueira","source":"lisboa_aberta","source_ref":"140","accessible":true}},{"type":"Feature","id":"36d7711d-9a84-4421-82ba-1b9898ee0964","geometry":{"type":"Point","coordinates":[-9.113044,38.772497]},"properties":{"id":"36d7711d-9a84-4421-82ba-1b9898ee0964","vertical":"bebedouros","kind":"bebedouro","name":"Bebedouro da Junta de Freguesia dos Olivais","address":"Rua Capitão Santiago de Carvalho(antiga Rua A da Zona dos Olivais Norte)","source":"lisboa_aberta","source_ref":"33126","accessible":true}},{"type":"Feature","id":"1f8fba4e-c6c5-4d4e-9e54-dbce4055b35b","geometry":{"type":"Point","coordinates":[-9.121563,38.734941]},"properties":{"id":"1f8fba4e-c6c5-4d4e-9e54-dbce4055b35b","vertical":"bebedouros","kind":"bebedouro","name":"Bebedouro da Praça Sócrates da Costa","address":"Praça Sócrates da Costa","source":"lisboa_aberta","source_ref":"711","accessible":true}},{"type":"Feature","id":"9d971ffc-301f-4c52-90c9-922123f18b0d","geometry":{"type":"Point","coordinates":[-9.159027,38.753008]},"properties":{"id":"9d971ffc-301f-4c52-90c9-922123f18b0d","vertical":"bebedouros","kind":"bebedouro","name":"Bebedouro da Reitoria da Universidade","address":"Alameda da Universidade","source":"lisboa_aberta","source_ref":"928","accessible":true}},{"type":"Feature","id":"d2933378-bea1-441f-b7a9-f1ce4d71cf08","geometry":{"type":"Point","coordinates":[-9.178592,38.706006]},"properties":{"id":"d2933378-bea1-441f-b7a9-f1ce4d71cf08","vertical":"bebedouros","kind":"bebedouro","name":"Bebedouro da Rua Leão de Oliveira","address":"Rua Leão de Oliveira","source":"lisboa_aberta","source_ref":"229","accessible":false}},{"type":"Feature","id":"9fa6aeee-3a4e-46e4-9344-97c7d0eeec04","geometry":{"type":"Point","coordinates":[-9.112629,38.734308]},"properties":{"id":"9fa6aeee-3a4e-46e4-9344-97c7d0eeec04","vertical":"bebedouros","kind":"bebedouro","name":"Bebedouro da Rua Marquês de Olhão","address":"Rua Marquês de Olhão(antiga Rua 11 do Bairro Madre de Deus)","source":"lisboa_aberta","source_ref":"708","accessible":true}},{"type":"Feature","id":"1d7b3e64-8b50-4614-8113-64c33cd06377","geometry":{"type":"Point","coordinates":[-9.141543,38.735351]},"properties":{"id":"1d7b3e64-8b50-4614-8113-64c33cd06377","vertical":"bebedouros","kind":"bebedouro","name":"Bebedouro da Rua de Dona Filipa de Vilhena","address":"Rua de Dona Filipa de Vilhena","source":"lisboa_aberta","source_ref":"4311","accessible":true}},{"type":"Feature","id":"b6b7da05-9bd7-4e30-afb2-64569922a229","geometry":{"type":"Point","coordinates":[-9.1147,38.727858]},"properties":{"id":"b6b7da05-9bd7-4e30-afb2-64569922a229","vertical":"bebedouros","kind":"bebedouro","name":"Bebedouro do Ar. CO- Antigo Mercado de Xabregas","address":"Rua Gualdim Pais","source":"lisboa_aberta","source_ref":"709","accessible":true}},{"type":"Feature","id":"be9c004b-317b-46a6-8f85-7fb393a8bedc","geometry":{"type":"Point","coordinates":[-9.186304,38.739841]},"properties":{"id":"be9c004b-317b-46a6-8f85-7fb393a8bedc","vertical":"bebedouros","kind":"bebedouro","name":"Bebedouro do CIM","address":"Estrada do Barcal","source":"lisboa_aberta","source_ref":"885","accessible":false}},{"type":"Feature","id":"e9f6efd3-561e-476b-a5da-d01f0ecff716","geometry":{"type":"Point","coordinates":[-9.111207,38.731438]},"properties":{"id":"e9f6efd3-561e-476b-a5da-d01f0ecff716","vertical":"bebedouros","kind":"bebedouro","name":"Bebedouro do Centro de Saúde do Beato","address":"Rua Marquês de Olhão(antiga Rua 11 do Bairro Madre de Deus)","source":"lisboa_aberta","source_ref":"710","accessible":true}},{"type":"Feature","id":"16b9b6c8-f5d9-471b-8688-c539cd4576d7","geometry":{"type":"Point","coordinates":[-9.118695,38.772214]},"properties":{"id":"16b9b6c8-f5d9-471b-8688-c539cd4576d7","vertical":"bebedouros","kind":"bebedouro","name":"Bebedouro do Centro de Saúde- Alameda da Encarnação","address":"Rua 16 do Bairro da Encarnação","source":"lisboa_aberta","source_ref":"33125","accessible":true}},{"type":"Feature","id":"2ac421f5-4da1-4d1d-b1d4-fc94f4561387","geometry":{"type":"Point","coordinates":[-9.126997,38.756388]},"properties":{"id":"2ac421f5-4da1-4d1d-b1d4-fc94f4561387","vertical":"bebedouros","kind":"bebedouro","name":"Bebedouro do Colégio Valssassina","address":"Rua Luís Cristino da Silva(antiga Via Comercial da Zona N2 de Chelas)","source":"lisboa_aberta","source_ref":"2144","accessible":true}},{"type":"Feature","id":"69977533-f449-490b-a0ac-3b82291d476d","geometry":{"type":"Point","coordinates":[-9.166768,38.760485]},"properties":{"id":"69977533-f449-490b-a0ac-3b82291d476d","vertical":"bebedouros","kind":"bebedouro","name":"Bebedouro do Jardim Prof. António de Sousa Franco","address":"Jardim Prof. António de Sousa Franco","source":"lisboa_aberta","source_ref":"1829","accessible":true}},{"type":"Feature","id":"61c85171-bbdf-4917-81ae-644dfc9faaa8","geometry":{"type":"Point","coordinates":[-9.186772,38.721085]},"properties":{"id":"61c85171-bbdf-4917-81ae-644dfc9faaa8","vertical":"bebedouros","kind":"bebedouro","name":"Bebedouro do Parque de Merendas do Alvito","address":"Parque Florestal de Monsanto","source":"lisboa_aberta","source_ref":"258","accessible":false}},{"type":"Feature","id":"7601de43-5874-4ab8-930a-56c07ce37b1f","geometry":{"type":"Point","coordinates":[-9.174448,38.710022]},"properties":{"id":"7601de43-5874-4ab8-930a-56c07ce37b1f","vertical":"bebedouros","kind":"bebedouro","name":"Bebedouro do Polidesportivo da Avenida de Ceuta","address":"Avenida de Ceuta","source":"lisboa_aberta","source_ref":"253","accessible":true}},{"type":"Feature","id":"67f17099-ca2e-438d-b114-0bff9fb5b8b8","geometry":{"type":"Point","coordinates":[-9.162362,38.731808]},"properties":{"id":"67f17099-ca2e-438d-b114-0bff9fb5b8b8","vertical":"bebedouros","kind":"bebedouro","name":"Bebedouro em frente ao Campus de Justiça","address":"Avenida Miguel Torga(antiga Rua A à Rua de Campolide)","source":"lisboa_aberta","source_ref":"1035","accessible":true}},{"type":"Feature","id":"36ca0de0-4f81-498a-904e-f813432338f9","geometry":{"type":"Point","coordinates":[-9.157674,38.729938]},"properties":{"id":"36ca0de0-4f81-498a-904e-f813432338f9","vertical":"bebedouros","kind":"bebedouro","name":"Bebedouro em frente à Prisão- Rua Marquês de Fronteira 1","address":"Rua Marquês de Fronteira","source":"lisboa_aberta","source_ref":"5024","accessible":true}},{"type":"Feature","id":"411c9078-5cba-434a-bd9d-0515a14c0449","geometry":{"type":"Point","coordinates":[-9.187808,38.698404]},"properties":{"id":"411c9078-5cba-434a-bd9d-0515a14c0449","vertical":"bebedouros","kind":"bebedouro","name":"Bebedouro frente ao Hospital Egas Moniz","address":"Rua da Junqueira","source":"lisboa_aberta","source_ref":"255","accessible":true}},{"type":"Feature","id":"ef9a6250-4187-4af1-85e6-ce385a37dc26","geometry":{"type":"Point","coordinates":[-9.146903,38.73251]},"properties":{"id":"ef9a6250-4187-4af1-85e6-ce385a37dc26","vertical":"bebedouros","kind":"bebedouro","name":"Bebedouro frente à Maternidade Dr. Alfredo da Costa","address":"Rua Viriato","source":"lisboa_aberta","source_ref":"5022","accessible":true}},{"type":"Feature","id":"68b1fabf-e38f-4251-a0e1-fdacf2fb7bd6","geometry":{"type":"Point","coordinates":[-9.136958,38.708514]},"properties":{"id":"68b1fabf-e38f-4251-a0e1-fdacf2fb7bd6","vertical":"bebedouros","kind":"bebedouro","name":"Bebedouro junto ao Arco da Rua Augusta","address":"Rua Augusta","source":"lisboa_aberta","source_ref":"4805","accessible":true}},{"type":"Feature","id":"41263d50-d17e-4fce-94ce-bd4bce376fd1","geometry":{"type":"Point","coordinates":[-9.11557,38.723123]},"properties":{"id":"41263d50-d17e-4fce-94ce-bd4bce376fd1","vertical":"bebedouros","kind":"bebedouro","name":"Bebedouro junto ao Colégio Maria Pia","address":"Rua Nélson de Barros","source":"lisboa_aberta","source_ref":"4109","accessible":true}},{"type":"Feature","id":"72d09256-df8c-4390-86f8-c280b6cbedbb","geometry":{"type":"Point","coordinates":[-9.150065,38.74974]},"properties":{"id":"72d09256-df8c-4390-86f8-c280b6cbedbb","vertical":"bebedouros","kind":"bebedouro","name":"Bebedouro junto ao Edifício CML (Campo Grande 27)","address":"Campo Grande","source":"lisboa_aberta","source_ref":"925","accessible":true}},{"type":"Feature","id":"cd29237b-6a8c-4ad4-959b-5715d7d29dcf","geometry":{"type":"Point","coordinates":[-9.181029,38.727302]},"properties":{"id":"cd29237b-6a8c-4ad4-959b-5715d7d29dcf","vertical":"bebedouros","kind":"bebedouro","name":"Bebedouro junto ao Edifício Panorâmico","address":"Estrada Bela Vista","source":"lisboa_aberta","source_ref":"886","accessible":false}},{"type":"Feature","id":"1fc47c95-9df5-4d2a-91ff-8631e9cc169e","geometry":{"type":"Point","coordinates":[-9.153995,38.734156]},"properties":{"id":"1fc47c95-9df5-4d2a-91ff-8631e9cc169e","vertical":"bebedouros","kind":"bebedouro","name":"Bebedouro junto ao El Corte Inglês","address":"Rua Marquês de Fronteira","source":"lisboa_aberta","source_ref":"5025","accessible":true}},{"type":"Feature","id":"45c9d5c3-152c-4f46-91b4-990b78885514","geometry":{"type":"Point","coordinates":[-9.206794,38.702691]},"properties":{"id":"45c9d5c3-152c-4f46-91b4-990b78885514","vertical":"bebedouros","kind":"bebedouro","name":"Bebedouro junto ao Estádio do Restelo","address":"Avenida da Ilha da Madeira","source":"lisboa_aberta","source_ref":"3230","accessible":true}},{"type":"Feature","id":"472a1005-14e5-471e-8e0c-4d5248f2a0fe","geometry":{"type":"Point","coordinates":[-9.193406,38.75592]},"properties":{"id":"472a1005-14e5-471e-8e0c-4d5248f2a0fe","vertical":"bebedouros","kind":"bebedouro","name":"Bebedouro junto ao Hospital da Luz","address":"Avenida Lusíada","source":"lisboa_aberta","source_ref":"1159","accessible":true}},{"type":"Feature","id":"f9c9f2a6-19df-4f1a-a8e9-cfb824cd5043","geometry":{"type":"Point","coordinates":[-9.136843,38.737111]},"properties":{"id":"f9c9f2a6-19df-4f1a-a8e9-cfb824cd5043","vertical":"bebedouros","kind":"bebedouro","name":"Bebedouro junto ao IST na Alameda Dom Afonso Henriques","address":"Alameda Dom Afonso Henriques","source":"lisboa_aberta","source_ref":"4313","accessible":true}},{"type":"Feature","id":"31a26c2d-2b2d-4212-ba6c-420acdaa9e95","geometry":{"type":"Point","coordinates":[-9.166882,38.740433]},"properties":{"id":"31a26c2d-2b2d-4212-ba6c-420acdaa9e95","vertical":"bebedouros","kind":"bebedouro","name":"Bebedouro junto ao Interface de Sete Rios","address":"Rua Professor Lima Basto","source":"lisboa_aberta","source_ref":"3941","accessible":true}},{"type":"Feature","id":"c3174afa-0414-461e-9e3d-30017d4f83e9","geometry":{"type":"Point","coordinates":[-9.169428,38.734306]},"properties":{"id":"c3174afa-0414-461e-9e3d-30017d4f83e9","vertical":"bebedouros","kind":"bebedouro","name":"Bebedouro junto ao Liberdade Futebol Clube","address":"Rua B do Bairro da Liberdade","source":"lisboa_aberta","source_ref":"1030","accessible":false}},{"type":"Feature","id":"ae7b756a-2626-4235-a554-dd229241a0fb","geometry":{"type":"Point","coordinates":[-9.095381,38.769303]},"properties":{"id":"ae7b756a-2626-4235-a554-dd229241a0fb","vertical":"bebedouros","kind":"bebedouro","name":"Bebedouro junto ao MEO Arena","address":"Rua do Bojador","source":"lisboa_aberta","source_ref":"33122","accessible":true}},{"type":"Feature","id":"9f75cec8-327a-4e05-87c1-8a728ec3f359","geometry":{"type":"Point","coordinates":[-9.139959,38.756096]},"properties":{"id":"9f75cec8-327a-4e05-87c1-8a728ec3f359","vertical":"bebedouros","kind":"bebedouro","name":"Bebedouro junto ao Mercado de Alvalade","address":"Avenida do Rio de Janeiro","source":"lisboa_aberta","source_ref":"4206","accessible":true}},{"type":"Feature","id":"7e4e17ce-7a1d-4cdd-a30a-cb3656ef2e3f","geometry":{"type":"Point","coordinates":[-9.13323,38.735416]},"properties":{"id":"7e4e17ce-7a1d-4cdd-a30a-cb3656ef2e3f","vertical":"bebedouros","kind":"bebedouro","name":"Bebedouro junto ao Mercado de Arroios","address":"Rua Carlos Mardel","source":"lisboa_aberta","source_ref":"4410","accessible":true}},{"type":"Feature","id":"28838830-36d0-4003-90ec-1a86f0b826d6","geometry":{"type":"Point","coordinates":[-9.129015,38.722343]},"properties":{"id":"28838830-36d0-4003-90ec-1a86f0b826d6","vertical":"bebedouros","kind":"bebedouro","name":"Bebedouro junto ao Mercado de Sapadores","address":"Rua da Penha de França","source":"lisboa_aberta","source_ref":"2904","accessible":true}},{"type":"Feature","id":"1eee2330-479a-4dd8-bf46-1608b1abf7c6","geometry":{"type":"Point","coordinates":[-9.15616,38.758246]},"properties":{"id":"1eee2330-479a-4dd8-bf46-1608b1abf7c6","vertical":"bebedouros","kind":"bebedouro","name":"Bebedouro junto ao Museu da Cidade","address":"Campo Grande","source":"lisboa_aberta","source_ref":"929","accessible":true}},{"type":"Feature","id":"a37a6914-f52b-49c2-b4f2-693f0d70fe7e","geometry":{"type":"Point","coordinates":[-9.20815,38.697201]},"properties":{"id":"a37a6914-f52b-49c2-b4f2-693f0d70fe7e","vertical":"bebedouros","kind":"bebedouro","name":"Bebedouro junto ao Museu da Marinha","address":"Praça do Império","source":"lisboa_aberta","source_ref":"3239","accessible":true}},{"type":"Feature","id":"a681363e-81c4-4bda-a2a2-093f76ff5677","geometry":{"type":"Point","coordinates":[-9.166254,38.726544]},"properties":{"id":"a681363e-81c4-4bda-a2a2-093f76ff5677","vertical":"bebedouros","kind":"bebedouro","name":"Bebedouro junto ao Museu da Água de Campolide","address":"Calçada da Quintinha","source":"lisboa_aberta","source_ref":"1038","accessible":true}},{"type":"Feature","id":"e2ac148f-2298-4a05-8e91-19c6a5fc1cd5","geometry":{"type":"Point","coordinates":[-9.124169,38.71518]},"properties":{"id":"e2ac148f-2298-4a05-8e91-19c6a5fc1cd5","vertical":"bebedouros","kind":"bebedouro","name":"Bebedouro junto ao Panteão","address":"Campo de Santa Clara","source":"lisboa_aberta","source_ref":"5110","accessible":true}},{"type":"Feature","id":"e835e1ea-1612-45a9-b48e-051c6f0ec239","geometry":{"type":"Point","coordinates":[-9.132615,38.73743]},"properties":{"id":"e835e1ea-1612-45a9-b48e-051c6f0ec239","vertical":"bebedouros","kind":"bebedouro","name":"Bebedouro junto ao Parque Infantil da Alameda Dom Afonso Henriques","address":"Alameda Dom Afonso Henriques","source":"lisboa_aberta","source_ref":"304","accessible":false}},{"type":"Feature","id":"b9d527e2-18a0-4c65-9534-72f437f6cbdf","geometry":{"type":"Point","coordinates":[-9.108785,38.772373]},"properties":{"id":"b9d527e2-18a0-4c65-9534-72f437f6cbdf","vertical":"bebedouros","kind":"bebedouro","name":"Bebedouro junto ao Parque Infantil da Quinta Conde dos Arcos","address":"Avenida Dr. Francisco Luís Gomes","source":"lisboa_aberta","source_ref":"3374","accessible":false}},{"type":"Feature","id":"63a8511e-f84f-4fe7-89dc-b875d6abb28f","geometry":{"type":"Point","coordinates":[-9.167349,38.736657]},"properties":{"id":"63a8511e-f84f-4fe7-89dc-b875d6abb28f","vertical":"bebedouros","kind":"bebedouro","name":"Bebedouro junto ao Parque Infantil da Quinta José Pinto","address":"Avenida General Correia Barreto(antiga Radial de Benfica)","source":"lisboa_aberta","source_ref":"1018","accessible":false}},{"type":"Feature","id":"b44bcb47-499f-4002-8442-450a73ef6ffa","geometry":{"type":"Point","coordinates":[-9.129735,38.748144]},"properties":{"id":"b44bcb47-499f-4002-8442-450a73ef6ffa","vertical":"bebedouros","kind":"bebedouro","name":"Bebedouro junto ao Parque Infantil da Quinta da Montanha","address":"Rua Interior à Azinhaga da Fonte do Louro","source":"lisboa_aberta","source_ref":"2142","accessible":false}},{"type":"Feature","id":"cd26e52a-48b5-4818-8d4a-7ceeac94c97a","geometry":{"type":"Point","coordinates":[-9.132457,38.717763]},"properties":{"id":"cd26e52a-48b5-4818-8d4a-7ceeac94c97a","vertical":"bebedouros","kind":"bebedouro","name":"Bebedouro junto ao Parque Infantil do Jardim da Cerca da Graça","address":"Rua Damasceno Monteiro","source":"lisboa_aberta","source_ref":"1605","accessible":false}},{"type":"Feature","id":"fcfd5e91-9fe6-4836-a19d-517687d17e40","geometry":{"type":"Point","coordinates":[-9.154202,38.727982]},"properties":{"id":"fcfd5e91-9fe6-4836-a19d-517687d17e40","vertical":"bebedouros","kind":"bebedouro","name":"Bebedouro junto ao Parque Infantil do Parque Eduardo VII de Inglaterra","address":"Parque Eduardo VII de Inglaterra","source":"lisboa_aberta","source_ref":"5010","accessible":false}},{"type":"Feature","id":"e3cc420f-984d-4c57-91af-6b9c607b0562","geometry":{"type":"Point","coordinates":[-9.122662,38.756009]},"properties":{"id":"e3cc420f-984d-4c57-91af-6b9c607b0562","vertical":"bebedouros","kind":"bebedouro","name":"Bebedouro junto ao Parque Infantil do Parque Hortícola de Chelas","address":"Avenida do Santo Condestável(antiga Avenida Principal de Chelas)","source":"lisboa_aberta","source_ref":"2140","accessible":false}},{"type":"Feature","id":"65749ab8-a852-407f-b0cf-7d8d929d19e2","geometry":{"type":"Point","coordinates":[-9.177897,38.731812]},"properties":{"id":"65749ab8-a852-407f-b0cf-7d8d929d19e2","vertical":"bebedouros","kind":"bebedouro","name":"Bebedouro junto ao Parque de Merendas do Parque da Pedra","address":"Rua Padre Domingos Maurício dos Santos","source":"lisboa_aberta","source_ref":"1020","accessible":false}},{"type":"Feature","id":"a3cf59e8-cbac-42e5-b8b7-aab63ca8e5bb","geometry":{"type":"Point","coordinates":[-9.159186,38.763664]},"properties":{"id":"a3cf59e8-cbac-42e5-b8b7-aab63ca8e5bb","vertical":"bebedouros","kind":"bebedouro","name":"Bebedouro junto ao Pavilhão João Rocha","address":"Rua Francisco Stromp","source":"lisboa_aberta","source_ref":"18152","accessible":true}},{"type":"Feature","id":"c2e0374f-7138-4cba-bdc7-62682091cf4f","geometry":{"type":"Point","coordinates":[-9.095845,38.762947]},"properties":{"id":"c2e0374f-7138-4cba-bdc7-62682091cf4f","vertical":"bebedouros","kind":"bebedouro","name":"Bebedouro junto ao Pavilhão do Conhecimento","address":"Largo José Mariano Gago","source":"lisboa_aberta","source_ref":"33140","accessible":true}},{"type":"Feature","id":"a9fb0160-511f-4307-b16f-303f81ac1faf","geometry":{"type":"Point","coordinates":[-9.200619,38.718848]},"properties":{"id":"a9fb0160-511f-4307-b16f-303f81ac1faf","vertical":"bebedouros","kind":"bebedouro","name":"Bebedouro junto ao Picadeiro de Montes Claros","address":"Estrada de Montes Claros","source":"lisboa_aberta","source_ref":"137","accessible":false}},{"type":"Feature","id":"13aa45f2-a24a-4c0e-9edb-5bd9ce2b415b","geometry":{"type":"Point","coordinates":[-9.193788,38.706893]},"properties":{"id":"13aa45f2-a24a-4c0e-9edb-5bd9ce2b415b","vertical":"bebedouros","kind":"bebedouro","name":"Bebedouro junto ao Polodesportivo do Rio Seco","address":"Rua Eduardo Bairrada","source":"lisboa_aberta","source_ref":"144","accessible":false}},{"type":"Feature","id":"48e085de-4aae-44d5-a252-2eb65568534b","geometry":{"type":"Point","coordinates":[-9.190333,38.721387]},"properties":{"id":"48e085de-4aae-44d5-a252-2eb65568534b","vertical":"bebedouros","kind":"bebedouro","name":"Bebedouro junto ao Skate Park da Alameda Keil do Amaral","address":"Alameda Keil do Amaral","source":"lisboa_aberta","source_ref":"245","accessible":false}},{"type":"Feature","id":"ac308538-48ec-47b9-8ea0-c8ccb21c62ce","geometry":{"type":"Point","coordinates":[-9.119284,38.753004]},"properties":{"id":"ac308538-48ec-47b9-8ea0-c8ccb21c62ce","vertical":"bebedouros","kind":"bebedouro","name":"Bebedouro junto ao SkatePark do Parque Hortícola de Chelas","address":"Avenida do Santo Condestável(antiga Avenida Principal de Chelas)","source":"lisboa_aberta","source_ref":"2139","accessible":false}},{"type":"Feature","id":"efd01f58-333e-4eb9-adaa-34cda42354ae","geometry":{"type":"Point","coordinates":[-9.140331,38.714797]},"properties":{"id":"efd01f58-333e-4eb9-adaa-34cda42354ae","vertical":"bebedouros","kind":"bebedouro","name":"Bebedouro junto ao Teatro D. Maria II","address":"Praça Dom João da Câmara","source":"lisboa_aberta","source_ref":"3119","accessible":true}},{"type":"Feature","id":"ec135b30-a4e7-4d5e-8659-bfd6a4028db4","geometry":{"type":"Point","coordinates":[-9.14519,38.72059]},"properties":{"id":"ec135b30-a4e7-4d5e-8659-bfd6a4028db4","vertical":"bebedouros","kind":"bebedouro","name":"Bebedouro junto ao Teatro Tivoli","address":"Rua Manuel de Jesus Coelho","source":"lisboa_aberta","source_ref":"4511","accessible":true}},{"type":"Feature","id":"e12eaafb-d7a0-46d7-a7c8-1d9688147799","geometry":{"type":"Point","coordinates":[-9.149156,38.743783]},"properties":{"id":"e12eaafb-d7a0-46d7-a7c8-1d9688147799","vertical":"bebedouros","kind":"bebedouro","name":"Bebedouro junto ao Terminal Ferroviário de Entrecampos","address":"Avenida Cinco de Outubro","source":"lisboa_aberta","source_ref":"2315","accessible":true}},{"type":"Feature","id":"a087fe91-8540-4346-b5e7-f913f015a35a","geometry":{"type":"Point","coordinates":[-9.123318,38.713429]},"properties":{"id":"a087fe91-8540-4346-b5e7-f913f015a35a","vertical":"bebedouros","kind":"bebedouro","name":"Bebedouro junto ao Terminal Ferroviário de Santa Apolónia","address":"Largo dos Caminhos de Ferro","source":"lisboa_aberta","source_ref":"3608","accessible":true}},{"type":"Feature","id":"2a72990f-1825-4053-803f-37493149f76f","geometry":{"type":"Point","coordinates":[-9.133247,38.707155]},"properties":{"id":"2a72990f-1825-4053-803f-37493149f76f","vertical":"bebedouros","kind":"bebedouro","name":"Bebedouro junto ao Terminal Fluvial do Terreiro do Paço","address":"Avenida Infante Dom Henrique","source":"lisboa_aberta","source_ref":"1901","accessible":true}},{"type":"Feature","id":"ed75de0d-64d2-4b36-8440-cb87ea545743","geometry":{"type":"Point","coordinates":[-9.19701,38.761956]},"properties":{"id":"ed75de0d-64d2-4b36-8440-cb87ea545743","vertical":"bebedouros","kind":"bebedouro","name":"Bebedouro junto ao Terminal Rodoviário da Pontinha","address":"Estrada Militar","source":"lisboa_aberta","source_ref":"1157","accessible":true}},{"type":"Feature","id":"90a58a76-db19-471e-a417-7e0d75d6a77b","geometry":{"type":"Point","coordinates":[-9.189543,38.752176]},"properties":{"id":"90a58a76-db19-471e-a417-7e0d75d6a77b","vertical":"bebedouros","kind":"bebedouro","name":"Bebedouro junto ao Terminal Rodoviário do Colégio Militar","address":"Avenida do Colégio Militar","source":"lisboa_aberta","source_ref":"871","accessible":true}},{"type":"Feature","id":"65b3a77b-1175-43c1-87f9-da938560199b","geometry":{"type":"Point","coordinates":[-9.138549,38.741171]},"properties":{"id":"65b3a77b-1175-43c1-87f9-da938560199b","vertical":"bebedouros","kind":"bebedouro","name":"Bebedouro junto do Parque Infantil da Praça de Londres","address":"Praça de Londres","source":"lisboa_aberta","source_ref":"4308","accessible":false}},{"type":"Feature","id":"48713459-d724-4716-bfbc-9ca4acd4c7ff","geometry":{"type":"Point","coordinates":[-9.139627,38.722944]},"properties":{"id":"48713459-d724-4716-bfbc-9ca4acd4c7ff","vertical":"bebedouros","kind":"bebedouro","name":"Bebedouro junto do Parque Infantil do Jardim Braancamp Freire","address":"Campo dos Mártires da Pátria","source":"lisboa_aberta","source_ref":"2407","accessible":false}},{"type":"Feature","id":"332e7273-7d64-4dc2-a1e1-037597848ff5","geometry":{"type":"Point","coordinates":[-9.176706,38.738594]},"properties":{"id":"332e7273-7d64-4dc2-a1e1-037597848ff5","vertical":"bebedouros","kind":"bebedouro","name":"Bebedouro junto à Associação do Calhau","address":"Rua António Macedo(antiga Rua A do Bairro do Calhau)","source":"lisboa_aberta","source_ref":"3944","accessible":false}},{"type":"Feature","id":"a2e9a2b1-6d8e-4ab3-8537-126b12b83308","geometry":{"type":"Point","coordinates":[-9.187192,38.743825]},"properties":{"id":"a2e9a2b1-6d8e-4ab3-8537-126b12b83308","vertical":"bebedouros","kind":"bebedouro","name":"Bebedouro junto à Parede de Escalada da Mata de São Domingos de Benfica","address":"Estrada do Barcal","source":"lisboa_aberta","source_ref":"3937","accessible":false}},{"type":"Feature","id":"208fa712-35a8-47d9-930b-35393cfb167b","geometry":{"type":"Point","coordinates":[-9.200276,38.718475]},"properties":{"id":"208fa712-35a8-47d9-930b-35393cfb167b","vertical":"bebedouros","kind":"bebedouro","name":"Bebedouro junto às Cavalariças de Montes Claros","address":"Estrada de Montes Claros","source":"lisboa_aberta","source_ref":"136","accessible":false}},{"type":"Feature","id":"466420a4-f8da-4cb2-ba21-f51fd075fc13","geometry":{"type":"Point","coordinates":[-9.13576,38.715486]},"properties":{"id":"466420a4-f8da-4cb2-ba21-f51fd075fc13","vertical":"bebedouros","kind":"bebedouro","name":"Bebedouro junto às Escadinhas da Saúde","address":"Escadinhas da Saúde","source":"lisboa_aberta","source_ref":"3118","accessible":true}},{"type":"Feature","id":"df28efbf-1513-4390-9396-dc1d47cbb519","geometry":{"type":"Point","coordinates":[-9.160608,38.785265]},"properties":{"id":"df28efbf-1513-4390-9396-dc1d47cbb519","vertical":"bebedouros","kind":"bebedouro","name":"Bebedouro junto às Piscinas da Ameixoeira","address":"Rua Prof. Adelino da Palma Carlos","source":"lisboa_aberta","source_ref":"505","accessible":false}},{"type":"Feature","id":"2044c55b-8923-4c38-b699-a7d71e25c607","geometry":{"type":"Point","coordinates":[-9.13132,38.736949]},"properties":{"id":"2044c55b-8923-4c38-b699-a7d71e25c607","vertical":"bebedouros","kind":"bebedouro","name":"Bebedouro na Alameda Dom Afonso Henriques","address":"Alameda Dom Afonso Henriques","source":"lisboa_aberta","source_ref":"4407","accessible":false}},{"type":"Feature","id":"0a7be2d7-9588-4a1d-8a66-040a655b2ad8","geometry":{"type":"Point","coordinates":[-9.188044,38.723123]},"properties":{"id":"0a7be2d7-9588-4a1d-8a66-040a655b2ad8","vertical":"bebedouros","kind":"bebedouro","name":"Bebedouro na Alameda Keil do Amaral - Estacionamento","address":"Alameda Keil do Amaral","source":"lisboa_aberta","source_ref":"256","accessible":true}},{"type":"Feature","id":"7b8069bd-8a0d-4b9c-9826-651a74d0ce59","geometry":{"type":"Point","coordinates":[-9.161492,38.773541]},"properties":{"id":"7b8069bd-8a0d-4b9c-9826-651a74d0ce59","vertical":"bebedouros","kind":"bebedouro","name":"Bebedouro na Alameda das Linhas de Torres","address":"Alameda das Linhas de Torres","source":"lisboa_aberta","source_ref":"18146","accessible":false}},{"type":"Feature","id":"bd3ea8b1-68c8-4744-9b80-cb50b2b3954e","geometry":{"type":"Point","coordinates":[-9.142166,38.723182]},"properties":{"id":"bd3ea8b1-68c8-4744-9b80-cb50b2b3954e","vertical":"bebedouros","kind":"bebedouro","name":"Bebedouro na Alameda de Santo António dos Capuchos","address":"Alameda de Santo António dos Capuchos","source":"lisboa_aberta","source_ref":"2409","accessible":false}},{"type":"Feature","id":"17c1dd7f-d058-42e5-99d0-691b770e2ba6","geometry":{"type":"Point","coordinates":[-9.198907,38.706743]},"properties":{"id":"17c1dd7f-d058-42e5-99d0-691b770e2ba6","vertical":"bebedouros","kind":"bebedouro","name":"Bebedouro na Alameda dos Pinheiros","address":"Alameda dos Pinheiros","source":"lisboa_aberta","source_ref":"142","accessible":true}},{"type":"Feature","id":"bdfedfd5-ae41-40f5-be68-ceb0f7eaa5b0","geometry":{"type":"Point","coordinates":[-9.145152,38.74897]},"properties":{"id":"bdfedfd5-ae41-40f5-be68-ceb0f7eaa5b0","vertical":"bebedouros","kind":"bebedouro","name":"Bebedouro na Av. Estados Unidos da América","address":"Avenida dos Estados Unidos da América","source":"lisboa_aberta","source_ref":"919","accessible":false}},{"type":"Feature","id":"0a5aed78-1a15-4a36-835b-6a0c744a3e3d","geometry":{"type":"Point","coordinates":[-9.135029,38.72646]},"properties":{"id":"0a5aed78-1a15-4a36-835b-6a0c744a3e3d","vertical":"bebedouros","kind":"bebedouro","name":"Bebedouro na Avenida Almirante Reis","address":"Avenida Almirante Reis","source":"lisboa_aberta","source_ref":"4408","accessible":true}},{"type":"Feature","id":"572b6af0-6ae2-4f25-96c4-ddf36d8fa130","geometry":{"type":"Point","coordinates":[-9.097344,38.77619]},"properties":{"id":"572b6af0-6ae2-4f25-96c4-ddf36d8fa130","vertical":"bebedouros","kind":"bebedouro","name":"Bebedouro na Avenida D. João II","address":"Avenida D. João II","source":"lisboa_aberta","source_ref":"33141","accessible":true}},{"type":"Feature","id":"8788b1a4-553d-4026-a99f-228b994cfc19","geometry":{"type":"Point","coordinates":[-9.144763,38.735195]},"properties":{"id":"8788b1a4-553d-4026-a99f-228b994cfc19","vertical":"bebedouros","kind":"bebedouro","name":"Bebedouro na Avenida Duque d'Ávila","address":"Avenida Duque d'Ávila","source":"lisboa_aberta","source_ref":"2312","accessible":true}},{"type":"Feature","id":"2e6d73d5-a145-409c-b4b2-25185ef0e6e5","geometry":{"type":"Point","coordinates":[-9.128248,38.726023]},"properties":{"id":"2e6d73d5-a145-409c-b4b2-25185ef0e6e5","vertical":"bebedouros","kind":"bebedouro","name":"Bebedouro na Avenida General Roçadas junto ao Nº36","address":"Avenida General Roçadas","source":"lisboa_aberta","source_ref":"2503","accessible":true}},{"type":"Feature","id":"8fe74f22-1ad1-4e64-bcab-54e16f503a37","geometry":{"type":"Point","coordinates":[-9.134266,38.737641]},"properties":{"id":"8fe74f22-1ad1-4e64-bcab-54e16f503a37","vertical":"bebedouros","kind":"bebedouro","name":"Bebedouro na Avenida Guerra Junqueiro","address":"Avenida Guerra Junqueiro","source":"lisboa_aberta","source_ref":"4314","accessible":true}},{"type":"Feature","id":"2b2b11ac-d6ea-4243-9a96-9e0aec147797","geometry":{"type":"Point","coordinates":[-9.14746,38.742273]},"properties":{"id":"2b2b11ac-d6ea-4243-9a96-9e0aec147797","vertical":"bebedouros","kind":"bebedouro","name":"Bebedouro na Avenida Júlio Dinis","address":"Avenida Júlio Dinis","source":"lisboa_aberta","source_ref":"2313","accessible":true}},{"type":"Feature","id":"30cbf48f-2c8e-40c1-8084-1683477546a4","geometry":{"type":"Point","coordinates":[-9.182924,38.754011]},"properties":{"id":"30cbf48f-2c8e-40c1-8084-1683477546a4","vertical":"bebedouros","kind":"bebedouro","name":"Bebedouro na Avenida Machado Santos","address":"Avenida Machado Santos","source":"lisboa_aberta","source_ref":"3919","accessible":true}},{"type":"Feature","id":"7114e9c5-db29-4aae-a522-8aeae301a4d2","geometry":{"type":"Point","coordinates":[-9.162106,38.739062]},"properties":{"id":"7114e9c5-db29-4aae-a522-8aeae301a4d2","vertical":"bebedouros","kind":"bebedouro","name":"Bebedouro na Avenida Madame curie","address":"Avenida Madame Curie","source":"lisboa_aberta","source_ref":"3925","accessible":true}},{"type":"Feature","id":"93c33807-7a1e-432d-a9fb-e152ee4c7bd2","geometry":{"type":"Point","coordinates":[-9.160779,38.750244]},"properties":{"id":"93c33807-7a1e-432d-a9fb-e152ee4c7bd2","vertical":"bebedouros","kind":"bebedouro","name":"Bebedouro na Avenida Professor Egas Moniz","address":"Avenida Professor Egas Moniz","source":"lisboa_aberta","source_ref":"930","accessible":true}},{"type":"Feature","id":"0935634c-c7a0-4bb6-87bb-ead7c0625e7c","geometry":{"type":"Point","coordinates":[-9.152446,38.706077]},"properties":{"id":"0935634c-c7a0-4bb6-87bb-ead7c0625e7c","vertical":"bebedouros","kind":"bebedouro","name":"Bebedouro na Avenida de Brasília junto ao Armazém J","address":"Avenida de Brasília","source":"lisboa_aberta","source_ref":"3707","accessible":true}},{"type":"Feature","id":"8c3a9f9e-b6a5-4b20-958e-9f75ee3d0d58","geometry":{"type":"Point","coordinates":[-9.141216,38.747565]},"properties":{"id":"8c3a9f9e-b6a5-4b20-958e-9f75ee3d0d58","vertical":"bebedouros","kind":"bebedouro","name":"Bebedouro na Avenida de Roma","address":"Avenida de Roma","source":"lisboa_aberta","source_ref":"407","accessible":true}},{"type":"Feature","id":"15a8f4fc-48ce-4fb2-bcc9-55d8d60f3ede","geometry":{"type":"Point","coordinates":[-9.145944,38.75674]},"properties":{"id":"15a8f4fc-48ce-4fb2-bcc9-55d8d60f3ede","vertical":"bebedouros","kind":"bebedouro","name":"Bebedouro na Avenida do Brasil","address":"Avenida do Brasil","source":"lisboa_aberta","source_ref":"4203","accessible":true}},{"type":"Feature","id":"c3aac51a-d45b-4cf3-9c72-b8061f2dac2e","geometry":{"type":"Point","coordinates":[-9.13754,38.751493]},"properties":{"id":"c3aac51a-d45b-4cf3-9c72-b8061f2dac2e","vertical":"bebedouros","kind":"bebedouro","name":"Bebedouro na Avenida do Rio de Janeiro","address":"Avenida do Rio de Janeiro","source":"lisboa_aberta","source_ref":"4207","accessible":true}},{"type":"Feature","id":"dd8f389f-863e-4efb-8b56-757eea0c15b9","geometry":{"type":"Point","coordinates":[-9.180666,38.774331]},"properties":{"id":"dd8f389f-863e-4efb-8b56-757eea0c15b9","vertical":"bebedouros","kind":"bebedouro","name":"Bebedouro na Azinhaga da Fonte Velha","address":"Azinhaga da Fonte Velha","source":"lisboa_aberta","source_ref":"1111","accessible":false}},{"type":"Feature","id":"190dbb07-fcaf-412f-8450-507b68bd1d54","geometry":{"type":"Point","coordinates":[-9.156003,38.706518]},"properties":{"id":"190dbb07-fcaf-412f-8450-507b68bd1d54","vertical":"bebedouros","kind":"bebedouro","name":"Bebedouro na Calçada Ribeiro Santos","address":"Calçada Ribeiro Santos","source":"lisboa_aberta","source_ref":"3705","accessible":true}},{"type":"Feature","id":"c90fa6e1-47e3-4cd8-803b-7f38a56e6638","geometry":{"type":"Point","coordinates":[-9.203299,38.709492]},"properties":{"id":"c90fa6e1-47e3-4cd8-803b-7f38a56e6638","vertical":"bebedouros","kind":"bebedouro","name":"Bebedouro na Calçada do Galvão - frente ao Cemitério da Ajuda","address":"Calçada do Galvão","source":"lisboa_aberta","source_ref":"124","accessible":true}},{"type":"Feature","id":"f5d5f6a9-fdff-435e-bf6a-cfac88f2e675","geometry":{"type":"Point","coordinates":[-9.183249,38.773308]},"properties":{"id":"f5d5f6a9-fdff-435e-bf6a-cfac88f2e675","vertical":"bebedouros","kind":"bebedouro","name":"Bebedouro na Entrada do Cemitério de Carnide","address":"Rua do Rio Zêzere(antiga Rua 7A do Bairro Padre Cruz)","source":"lisboa_aberta","source_ref":"1156","accessible":true}},{"type":"Feature","id":"f43448e4-8111-45ac-876c-31fc53e7bfd0","geometry":{"type":"Point","coordinates":[-9.103154,38.774674]},"properties":{"id":"f43448e4-8111-45ac-876c-31fc53e7bfd0","vertical":"bebedouros","kind":"bebedouro","name":"Bebedouro na Entrada do Estádio Alfredo Augusto","address":"Rua João Pinto Ribeiro","source":"lisboa_aberta","source_ref":"33139","accessible":true}},{"type":"Feature","id":"27aac301-6e1a-44c1-997a-1ba19cca4df9","geometry":{"type":"Point","coordinates":[-9.166351,38.726479]},"properties":{"id":"27aac301-6e1a-44c1-997a-1ba19cca4df9","vertical":"bebedouros","kind":"bebedouro","name":"Bebedouro na Entrada do Museu da Agua","address":"Calçada da Quintinha","source":"lisboa_aberta","source_ref":"1047","accessible":false}},{"type":"Feature","id":"98997ecd-7ad1-4a56-b5ed-7626eb0ae279","geometry":{"type":"Point","coordinates":[-9.124138,38.750485]},"properties":{"id":"98997ecd-7ad1-4a56-b5ed-7626eb0ae279","vertical":"bebedouros","kind":"bebedouro","name":"Bebedouro na Entrada do Parque da Bela Vista","address":"Avenida Dr. Arlindo Vicente(antiga Rua 1 da Zona N1 de Chelas)","source":"lisboa_aberta","source_ref":"2146","accessible":true}},{"type":"Feature","id":"f2f968c1-cc15-4d98-b79d-411a67e1b293","geometry":{"type":"Point","coordinates":[-9.107921,38.77126]},"properties":{"id":"f2f968c1-cc15-4d98-b79d-411a67e1b293","vertical":"bebedouros","kind":"bebedouro","name":"Bebedouro na Escola António Damásio","address":"Avenida Dr. Francisco Luís Gomes","source":"lisboa_aberta","source_ref":"33129","accessible":true}},{"type":"Feature","id":"7cd394a1-931c-4cc9-b791-552e8259aba5","geometry":{"type":"Point","coordinates":[-9.193947,38.760283]},"properties":{"id":"7cd394a1-931c-4cc9-b791-552e8259aba5","vertical":"bebedouros","kind":"bebedouro","name":"Bebedouro na Estrada da Correia","address":"Estrada da Correia","source":"lisboa_aberta","source_ref":"1149","accessible":true}},{"type":"Feature","id":"f7619666-4c02-42c6-8148-36822bdb736b","geometry":{"type":"Point","coordinates":[-9.192203,38.745621]},"properties":{"id":"f7619666-4c02-42c6-8148-36822bdb736b","vertical":"bebedouros","kind":"bebedouro","name":"Bebedouro na Estrada do Calhariz de Benfica","address":"Estrada do Calhariz de Benfica","source":"lisboa_aberta","source_ref":"882","accessible":false}},{"type":"Feature","id":"67e6e49f-1a2a-407d-95ce-831f5c50700a","geometry":{"type":"Point","coordinates":[-9.098082,38.767828]},"properties":{"id":"67e6e49f-1a2a-407d-95ce-831f5c50700a","vertical":"bebedouros","kind":"bebedouro","name":"Bebedouro na Gare do Oriente","address":"Avenida D. João II","source":"lisboa_aberta","source_ref":"33121","accessible":true}},{"type":"Feature","id":"cababd2a-86a6-4ead-94ed-ac929b5a5ac6","geometry":{"type":"Point","coordinates":[-9.180749,38.750996]},"properties":{"id":"cababd2a-86a6-4ead-94ed-ac929b5a5ac6","vertical":"bebedouros","kind":"bebedouro","name":"Bebedouro na Impasse à Rua João de Freitas Branco","address":"Impasse à Rua João de Freitas Branco","source":"lisboa_aberta","source_ref":"3917","accessible":true}},{"type":"Feature","id":"45b7d1ab-641c-4552-9b83-f5c6be95b2a4","geometry":{"type":"Point","coordinates":[-9.151089,38.768687]},"properties":{"id":"45b7d1ab-641c-4552-9b83-f5c6be95b2a4","vertical":"bebedouros","kind":"bebedouro","name":"Bebedouro na Mata da Quinta das Conchas","address":"Alameda das Linhas de Torres","source":"lisboa_aberta","source_ref":"1890","accessible":false}},{"type":"Feature","id":"efae97cd-a3d1-4f5d-bcf6-ee0b964ed297","geometry":{"type":"Point","coordinates":[-9.136275,38.744969]},"properties":{"id":"efae97cd-a3d1-4f5d-bcf6-ee0b964ed297","vertical":"bebedouros","kind":"bebedouro","name":"Bebedouro na Praça Afrânio Peixoto","address":"Praça Afrânio Peixoto","source":"lisboa_aberta","source_ref":"4305","accessible":false}},{"type":"Feature","id":"2d0e2578-abca-450a-9d52-c9a2604e6209","geometry":{"type":"Point","coordinates":[-9.118149,38.7639]},"properties":{"id":"2d0e2578-abca-450a-9d52-c9a2604e6209","vertical":"bebedouros","kind":"bebedouro","name":"Bebedouro na Praça Cidade de Salazar","address":"Praça Cidade de Salazar","source":"lisboa_aberta","source_ref":"33137","accessible":false}},{"type":"Feature","id":"d96b0bd7-818e-4377-aeda-00cb4060c3f0","geometry":{"type":"Point","coordinates":[-9.138677,38.713338]},"properties":{"id":"d96b0bd7-818e-4377-aeda-00cb4060c3f0","vertical":"bebedouros","kind":"bebedouro","name":"Bebedouro na Praça D. Pedro IV","address":"Praça D. Pedro IV","source":"lisboa_aberta","source_ref":"3117","accessible":true}},{"type":"Feature","id":"69eff203-9896-4c86-a4c4-6e0b0115a6fb","geometry":{"type":"Point","coordinates":[-9.113254,38.744465]},"properties":{"id":"69eff203-9896-4c86-a4c4-6e0b0115a6fb","vertical":"bebedouros","kind":"bebedouro","name":"Bebedouro na Praça Eduardo Mondlane","address":"Praça Eduardo Mondlane(antiga Praça Dr Cunha Gonçalves/Praceta A Chelas)","source":"lisboa_aberta","source_ref":"2147","accessible":true}},{"type":"Feature","id":"ae0a20d4-648a-4c5a-9b90-141b2c841c6e","geometry":{"type":"Point","coordinates":[-9.14895,38.725499]},"properties":{"id":"ae0a20d4-648a-4c5a-9b90-141b2c841c6e","vertical":"bebedouros","kind":"bebedouro","name":"Bebedouro na Praça Marquês de Pombal","address":"Praça do Marquês de Pombal","source":"lisboa_aberta","source_ref":"1404","accessible":true}},{"type":"Feature","id":"219cd92b-d7d6-4b08-939d-db1f2fb8426c","geometry":{"type":"Point","coordinates":[-9.13548,38.741021]},"properties":{"id":"219cd92b-d7d6-4b08-939d-db1f2fb8426c","vertical":"bebedouros","kind":"bebedouro","name":"Bebedouro na Praça Pasteur","address":"Praça Pasteur","source":"lisboa_aberta","source_ref":"4310","accessible":false}},{"type":"Feature","id":"40719e1a-6be4-4e2a-a18b-5e38f341e20f","geometry":{"type":"Point","coordinates":[-9.181731,38.764046]},"properties":{"id":"40719e1a-6be4-4e2a-a18b-5e38f341e20f","vertical":"bebedouros","kind":"bebedouro","name":"Bebedouro na Praça São Francisco de Assis","address":"Praça São Francisco de Assis","source":"lisboa_aberta","source_ref":"1151","accessible":true}},{"type":"Feature","id":"ab6d9ca8-32f2-4187-81a8-6b534cbbf100","geometry":{"type":"Point","coordinates":[-9.145439,38.717727]},"properties":{"id":"ab6d9ca8-32f2-4187-81a8-6b534cbbf100","vertical":"bebedouros","kind":"bebedouro","name":"Bebedouro na Praça da Alegria","address":"Praça da Alegria","source":"lisboa_aberta","source_ref":"4514","accessible":true}},{"type":"Feature","id":"ea3173de-b876-4235-9381-80a6e185cc20","geometry":{"type":"Point","coordinates":[-9.151756,38.71482]},"properties":{"id":"ea3173de-b876-4235-9381-80a6e185cc20","vertical":"bebedouros","kind":"bebedouro","name":"Bebedouro na Praça das Flores","address":"Praça das Flores","source":"lisboa_aberta","source_ref":"2206","accessible":true}},{"type":"Feature","id":"33d8c510-c99a-4b27-9ef2-45194ac26c4d","geometry":{"type":"Point","coordinates":[-9.132861,38.726211]},"properties":{"id":"33d8c510-c99a-4b27-9ef2-45194ac26c4d","vertical":"bebedouros","kind":"bebedouro","name":"Bebedouro na Praça das Novas Nações","address":"Praça das Novas Nações","source":"lisboa_aberta","source_ref":"603","accessible":true}},{"type":"Feature","id":"1c36ca3e-0335-4896-aefc-d75355c004ca","geometry":{"type":"Point","coordinates":[-9.143279,38.752536]},"properties":{"id":"1c36ca3e-0335-4896-aefc-d75355c004ca","vertical":"bebedouros","kind":"bebedouro","name":"Bebedouro na Praça de Alvalade","address":"Praça de Alvalade","source":"lisboa_aberta","source_ref":"4208","accessible":true}},{"type":"Feature","id":"ee9cf357-7ee3-41c7-90f7-1016ba92ac9f","geometry":{"type":"Point","coordinates":[-9.213307,38.701766]},"properties":{"id":"ee9cf357-7ee3-41c7-90f7-1016ba92ac9f","vertical":"bebedouros","kind":"bebedouro","name":"Bebedouro na Praça de Itália","address":"Praça de Itália","source":"lisboa_aberta","source_ref":"4008","accessible":false}},{"type":"Feature","id":"d7d86ac2-2d7b-42cd-a832-7dc0468dc6f3","geometry":{"type":"Point","coordinates":[-9.144657,38.707782]},"properties":{"id":"d7d86ac2-2d7b-42cd-a832-7dc0468dc6f3","vertical":"bebedouros","kind":"bebedouro","name":"Bebedouro na Praça de São Paulo","address":"Rua de São Paulo","source":"lisboa_aberta","source_ref":"4910","accessible":true}},{"type":"Feature","id":"5107e41c-9fc7-40ea-b899-45ee4a23b611","geometry":{"type":"Point","coordinates":[-9.134482,38.733491]},"properties":{"id":"5107e41c-9fc7-40ea-b899-45ee4a23b611","vertical":"bebedouros","kind":"bebedouro","name":"Bebedouro na Praça do Chile","address":"Praça do Chile","source":"lisboa_aberta","source_ref":"4411","accessible":true}},{"type":"Feature","id":"24e9074c-5982-4816-abca-a45499ce5dd3","geometry":{"type":"Point","coordinates":[-9.142169,38.715743]},"properties":{"id":"24e9074c-5982-4816-abca-a45499ce5dd3","vertical":"bebedouros","kind":"bebedouro","name":"Bebedouro na Praça dos Restauradores","address":"Praça dos Restauradores","source":"lisboa_aberta","source_ref":"3116","accessible":true}},{"type":"Feature","id":"bcf1e62b-b03c-4b81-bfb4-75885993c826","geometry":{"type":"Point","coordinates":[-9.107108,38.744525]},"properties":{"id":"bcf1e62b-b03c-4b81-bfb4-75885993c826","vertical":"bebedouros","kind":"bebedouro","name":"Bebedouro na Quinta das Flores","address":"Rua Pedro de Azevedo(antiga Rua C e Impasse C1 do Bairro da Prodac)","source":"lisboa_aberta","source_ref":"2125","accessible":false}},{"type":"Feature","id":"71cb16d0-fb60-4ffb-b3b1-b2614f7cf67c","geometry":{"type":"Point","coordinates":[-9.168419,38.726852]},"properties":{"id":"71cb16d0-fb60-4ffb-b3b1-b2614f7cf67c","vertical":"bebedouros","kind":"bebedouro","name":"Bebedouro na Rua 5 do Bairro da Calçada dos Mestres","address":"Rua 5 do Bairro da Calçada dos Mestres","source":"lisboa_aberta","source_ref":"1037","accessible":true}},{"type":"Feature","id":"a55d5f74-9eb5-4006-8284-76ec865ecea5","geometry":{"type":"Point","coordinates":[-9.171707,38.750678]},"properties":{"id":"a55d5f74-9eb5-4006-8284-76ec865ecea5","vertical":"bebedouros","kind":"bebedouro","name":"Bebedouro na Rua Abranches Ferrão junto nº10","address":"Rua Abranches Ferrão(antiga Rua 1.2 da Quinta dos Ulmeiros)","source":"lisboa_aberta","source_ref":"3940","accessible":true}},{"type":"Feature","id":"696700c5-e5f9-4c9b-9ae0-c0eefd84cb9e","geometry":{"type":"Point","coordinates":[-9.148874,38.723155]},"properties":{"id":"696700c5-e5f9-4c9b-9ae0-c0eefd84cb9e","vertical":"bebedouros","kind":"bebedouro","name":"Bebedouro na Rua Alexandre Herculano","address":"Rua Alexandre Herculano","source":"lisboa_aberta","source_ref":"1406","accessible":true}},{"type":"Feature","id":"d9ec5a9b-16d4-41ed-ac20-5ce75c616df8","geometry":{"type":"Point","coordinates":[-9.135513,38.758959]},"properties":{"id":"d9ec5a9b-16d4-41ed-ac20-5ce75c616df8","vertical":"bebedouros","kind":"bebedouro","name":"Bebedouro na Rua Alferes Malheiro","address":"Rua Alferes Malheiro","source":"lisboa_aberta","source_ref":"4204","accessible":true}},{"type":"Feature","id":"6e5f5d8b-0927-48a9-8bf4-c3325996e4c3","geometry":{"type":"Point","coordinates":[-9.111324,38.769788]},"properties":{"id":"6e5f5d8b-0927-48a9-8bf4-c3325996e4c3","vertical":"bebedouros","kind":"bebedouro","name":"Bebedouro na Rua Alferes Santos Sasso- Go Fit","address":"Rua Alferes Santos Sasso(antigo Impasse 3 do Plano de Urb. de Olivais Velho)","source":"lisboa_aberta","source_ref":"33128","accessible":true}},{"type":"Feature","id":"7f1adc58-7d62-489d-9a13-42a81e26ec15","geometry":{"type":"Point","coordinates":[-9.1879,38.746388]},"properties":{"id":"7f1adc58-7d62-489d-9a13-42a81e26ec15","vertical":"bebedouros","kind":"bebedouro","name":"Bebedouro na Rua António Saúde","address":"Rua António Saúde","source":"lisboa_aberta","source_ref":"3918","accessible":true}},{"type":"Feature","id":"1dfb581c-0870-461e-80b1-c9b070aa391f","geometry":{"type":"Point","coordinates":[-9.154866,38.743324]},"properties":{"id":"1dfb581c-0870-461e-80b1-c9b070aa391f","vertical":"bebedouros","kind":"bebedouro","name":"Bebedouro na Rua Augusto Abelaira","address":"Rua Augusto Abelaira(antiga Rua Projectada A à Rua Sousa Lopes)","source":"lisboa_aberta","source_ref":"2310","accessible":false}},{"type":"Feature","id":"364efa28-a690-41f4-8f0a-5e9729d640ed","geometry":{"type":"Point","coordinates":[-9.142532,38.740258]},"properties":{"id":"364efa28-a690-41f4-8f0a-5e9729d640ed","vertical":"bebedouros","kind":"bebedouro","name":"Bebedouro na Rua Brito Aranha","address":"Rua Brito Aranha","source":"lisboa_aberta","source_ref":"2319","accessible":true}},{"type":"Feature","id":"97f7d05a-5760-43c6-9e02-b39964d26d37","geometry":{"type":"Point","coordinates":[-9.148009,38.725347]},"properties":{"id":"97f7d05a-5760-43c6-9e02-b39964d26d37","vertical":"bebedouros","kind":"bebedouro","name":"Bebedouro na Rua Camilo Castelo Branco","address":"Rua Camilo Castelo Branco","source":"lisboa_aberta","source_ref":"1403","accessible":false}},{"type":"Feature","id":"0ab65057-bd2c-4eea-b818-109967d4790e","geometry":{"type":"Point","coordinates":[-9.171347,38.707071]},"properties":{"id":"0ab65057-bd2c-4eea-b818-109967d4790e","vertical":"bebedouros","kind":"bebedouro","name":"Bebedouro na Rua Capitão Afonso Pala","address":"Rua Capitão Afonso Pala","source":"lisboa_aberta","source_ref":"2620","accessible":true}},{"type":"Feature","id":"25555edf-30e1-46f4-80eb-34f7d75d06f7","geometry":{"type":"Point","coordinates":[-9.11429,38.762891]},"properties":{"id":"25555edf-30e1-46f4-80eb-34f7d75d06f7","vertical":"bebedouros","kind":"bebedouro","name":"Bebedouro na Rua Cidade de Bissau","address":"Rua Cidade de Bissau","source":"lisboa_aberta","source_ref":"33143","accessible":true}},{"type":"Feature","id":"ef318ef4-2bf1-44e8-9cd2-0d6b6ba2e8f2","geometry":{"type":"Point","coordinates":[-9.156878,38.759632]},"properties":{"id":"ef318ef4-2bf1-44e8-9cd2-0d6b6ba2e8f2","vertical":"bebedouros","kind":"bebedouro","name":"Bebedouro na Rua Cipriano Dourado","address":"Rua Cipriano Dourado","source":"lisboa_aberta","source_ref":"18144","accessible":true}},{"type":"Feature","id":"cd903348-64ad-4bfc-90f0-ddd44f748178","geometry":{"type":"Point","coordinates":[-9.161783,38.721153]},"properties":{"id":"cd903348-64ad-4bfc-90f0-ddd44f748178","vertical":"bebedouros","kind":"bebedouro","name":"Bebedouro na Rua Dom João V","address":"Rua Dom João V","source":"lisboa_aberta","source_ref":"3004","accessible":true}},{"type":"Feature","id":"66dc38c2-6034-4c82-b06e-aeabb362c6d3","geometry":{"type":"Point","coordinates":[-9.145628,38.715661]},"properties":{"id":"66dc38c2-6034-4c82-b06e-aeabb362c6d3","vertical":"bebedouros","kind":"bebedouro","name":"Bebedouro na Rua Dom Pedro V","address":"Rua Dom Pedro V","source":"lisboa_aberta","source_ref":"4513","accessible":true}},{"type":"Feature","id":"5d98c920-d251-49e9-a983-404dfc584ab7","geometry":{"type":"Point","coordinates":[-9.169138,38.706627]},"properties":{"id":"5d98c920-d251-49e9-a983-404dfc584ab7","vertical":"bebedouros","kind":"bebedouro","name":"Bebedouro na Rua Embaixador Teixeira de Sampaio","address":"Rua Embaixador Teixeira de Sampaio","source":"lisboa_aberta","source_ref":"2621","accessible":true}},{"type":"Feature","id":"a2ef61d5-ec37-403d-8b30-0d1af351e08f","geometry":{"type":"Point","coordinates":[-9.220511,38.69529]},"properties":{"id":"a2ef61d5-ec37-403d-8b30-0d1af351e08f","vertical":"bebedouros","kind":"bebedouro","name":"Bebedouro na Rua Fernão Mendes Pinto","address":"Rua Fernão Mendes Pinto","source":"lisboa_aberta","source_ref":"3233","accessible":true}},{"type":"Feature","id":"8044ef70-cebf-4f94-b033-aa454b855c02","geometry":{"type":"Point","coordinates":[-9.184897,38.704389]},"properties":{"id":"8044ef70-cebf-4f94-b033-aa454b855c02","vertical":"bebedouros","kind":"bebedouro","name":"Bebedouro na Rua Filinto Elísio","address":"Rua Filinto Elísio","source":"lisboa_aberta","source_ref":"228","accessible":false}},{"type":"Feature","id":"0a169362-f6dc-4a29-9cc7-7f3e38d5d1bb","geometry":{"type":"Point","coordinates":[-9.192661,38.758604]},"properties":{"id":"0a169362-f6dc-4a29-9cc7-7f3e38d5d1bb","vertical":"bebedouros","kind":"bebedouro","name":"Bebedouro na Rua Guiomar Torresão","address":"Rua Guiomar Torresão","source":"lisboa_aberta","source_ref":"1153","accessible":true}},{"type":"Feature","id":"4fb61850-5d57-4667-8764-1bbb5b86b61c","geometry":{"type":"Point","coordinates":[-9.170127,38.759789]},"properties":{"id":"4fb61850-5d57-4667-8764-1bbb5b86b61c","vertical":"bebedouros","kind":"bebedouro","name":"Bebedouro na Rua Hermano Neves","address":"Rua Hermano Neves(antiga Rua 24 de Telheiras Sul)","source":"lisboa_aberta","source_ref":"1879","accessible":false}},{"type":"Feature","id":"567008c2-532c-4ea9-b8ff-59643c4a06d4","geometry":{"type":"Point","coordinates":[-9.178213,38.756562]},"properties":{"id":"567008c2-532c-4ea9-b8ff-59643c4a06d4","vertical":"bebedouros","kind":"bebedouro","name":"Bebedouro na Rua Inocêncio Francisco da Silva","address":"Rua Inocêncio Francisco da Silva","source":"lisboa_aberta","source_ref":"3926","accessible":true}},{"type":"Feature","id":"6989b894-7932-4d1b-b77f-305a77e3afb3","geometry":{"type":"Point","coordinates":[-9.199471,38.743931]},"properties":{"id":"6989b894-7932-4d1b-b77f-305a77e3afb3","vertical":"bebedouros","kind":"bebedouro","name":"Bebedouro na Rua José Augusto Seabra","address":"Rua José Augusto Seabra(antiga Rua 2 à Est. Calhariz de Benfica)","source":"lisboa_aberta","source_ref":"884","accessible":true}},{"type":"Feature","id":"01022f14-f98b-4d6a-a7da-8b771140bca1","geometry":{"type":"Point","coordinates":[-9.156924,38.769014]},"properties":{"id":"01022f14-f98b-4d6a-a7da-8b771140bca1","vertical":"bebedouros","kind":"bebedouro","name":"Bebedouro na Rua Ladislau Patrício","address":"Rua Ladislau Patrício","source":"lisboa_aberta","source_ref":"18153","accessible":true}},{"type":"Feature","id":"7fb8fb0f-0c5e-438d-adaf-65f0849544d8","geometry":{"type":"Point","coordinates":[-9.10605,38.747251]},"properties":{"id":"7fb8fb0f-0c5e-438d-adaf-65f0849544d8","vertical":"bebedouros","kind":"bebedouro","name":"Bebedouro na Rua Lino Ferreira","address":"Rua Lino Ferreira(antiga Rua do Bairro do Alferim)","source":"lisboa_aberta","source_ref":"2149","accessible":true}},{"type":"Feature","id":"1ab28697-b29d-471a-acdf-05b5e8315978","geometry":{"type":"Point","coordinates":[-9.17131,38.749271]},"properties":{"id":"1ab28697-b29d-471a-acdf-05b5e8315978","vertical":"bebedouros","kind":"bebedouro","name":"Bebedouro na Rua Manuel da Silva Leal","address":"Rua Manuel da Silva Leal(antiga Rua B à Estrada da Luz)","source":"lisboa_aberta","source_ref":"3930","accessible":true}},{"type":"Feature","id":"cea3c091-0d53-43da-a8ca-8dcaa3be6821","geometry":{"type":"Point","coordinates":[-9.158208,38.733183]},"properties":{"id":"cea3c091-0d53-43da-a8ca-8dcaa3be6821","vertical":"bebedouros","kind":"bebedouro","name":"Bebedouro na Rua Marquês de Fronteira","address":"Rua Marquês de Fronteira","source":"lisboa_aberta","source_ref":"1040","accessible":true}},{"type":"Feature","id":"9f72d4d0-4b0e-40d0-a4ca-d6b974866cd5","geometry":{"type":"Point","coordinates":[-9.15202,38.735092]},"properties":{"id":"9f72d4d0-4b0e-40d0-a4ca-d6b974866cd5","vertical":"bebedouros","kind":"bebedouro","name":"Bebedouro na Rua Marquês de Sá da Bandeira","address":"Rua Marquês de Sá da Bandeira","source":"lisboa_aberta","source_ref":"2316","accessible":true}},{"type":"Feature","id":"a614badc-ecee-4228-81a9-8e9789b239c6","geometry":{"type":"Point","coordinates":[-9.098971,38.757843]},"properties":{"id":"a614badc-ecee-4228-81a9-8e9789b239c6","vertical":"bebedouros","kind":"bebedouro","name":"Bebedouro na Rua Mário Botas- Junto ao Hosp. CUF Descobertas","address":"Rua Mário Botas ao Parque das Nações","source":"lisboa_aberta","source_ref":"33132","accessible":true}},{"type":"Feature","id":"0fdf9fc1-696c-4a89-bfeb-681c4f7ee7da","geometry":{"type":"Point","coordinates":[-9.1535,38.762705]},"properties":{"id":"0fdf9fc1-696c-4a89-bfeb-681c4f7ee7da","vertical":"bebedouros","kind":"bebedouro","name":"Bebedouro na Rua Pedro Bandeira","address":"Rua Pedro Bandeira(antigo Impasse 4.1 da Urb. da Quinta do Lambert)","source":"lisboa_aberta","source_ref":"1821","accessible":true}},{"type":"Feature","id":"f12674e2-4ecd-4832-b026-157aa598777d","geometry":{"type":"Point","coordinates":[-9.161112,38.724404]},"properties":{"id":"f12674e2-4ecd-4832-b026-157aa598777d","vertical":"bebedouros","kind":"bebedouro","name":"Bebedouro na Rua Professor Sousa da Câmara","address":"Rua Prof. Sousa da Câmara","source":"lisboa_aberta","source_ref":"1039","accessible":true}},{"type":"Feature","id":"b00e9ef3-ce81-4ba4-a675-ad0b7d62f67c","geometry":{"type":"Point","coordinates":[-9.164152,38.715558]},"properties":{"id":"b00e9ef3-ce81-4ba4-a675-ad0b7d62f67c","vertical":"bebedouros","kind":"bebedouro","name":"Bebedouro na Rua Saraiva de Carvalho","address":"Rua Saraiva de Carvalho","source":"lisboa_aberta","source_ref":"3507","accessible":true}},{"type":"Feature","id":"b2995631-a318-43c7-84f8-1706eec55bc6","geometry":{"type":"Point","coordinates":[-9.180744,38.767108]},"properties":{"id":"b2995631-a318-43c7-84f8-1706eec55bc6","vertical":"bebedouros","kind":"bebedouro","name":"Bebedouro na Rua Sidónio Serpa","address":"Rua Sidónio Serpa(antigo Impasse B1.1 do Bairro da Horta Nova)","source":"lisboa_aberta","source_ref":"1155","accessible":true}},{"type":"Feature","id":"4bc6146d-90ed-478a-8d22-629a6168d005","geometry":{"type":"Point","coordinates":[-9.189235,38.746859]},"properties":{"id":"4bc6146d-90ed-478a-8d22-629a6168d005","vertical":"bebedouros","kind":"bebedouro","name":"Bebedouro na Rua Tenente Coronel Ribeiro dos Reis","address":"Rua Ten. Coronel Ribeiro dos Reis","source":"lisboa_aberta","source_ref":"3948","accessible":false}},{"type":"Feature","id":"16a263f1-3929-4fae-9308-a7ba14b16d10","geometry":{"type":"Point","coordinates":[-9.170015,38.756006]},"properties":{"id":"16a263f1-3929-4fae-9308-a7ba14b16d10","vertical":"bebedouros","kind":"bebedouro","name":"Bebedouro na Rua Tomás da Fonseca","address":"Rua Tomás da Fonseca","source":"lisboa_aberta","source_ref":"3916","accessible":true}},{"type":"Feature","id":"a1ca963d-2c3c-422e-8c21-48fadcc81760","geometry":{"type":"Point","coordinates":[-9.201681,38.696886]},"properties":{"id":"a1ca963d-2c3c-422e-8c21-48fadcc81760","vertical":"bebedouros","kind":"bebedouro","name":"Bebedouro na Rua Vieira Portuense","address":"Rua Vieira Portuense","source":"lisboa_aberta","source_ref":"3240","accessible":true}},{"type":"Feature","id":"748d66fc-c766-4503-8ffe-d27108a47042","geometry":{"type":"Point","coordinates":[-9.172457,38.752579]},"properties":{"id":"748d66fc-c766-4503-8ffe-d27108a47042","vertical":"bebedouros","kind":"bebedouro","name":"Bebedouro na Rua Virgílio Correia","address":"Rua Virgílio Correia","source":"lisboa_aberta","source_ref":"3921","accessible":true}},{"type":"Feature","id":"aab14904-2df1-4aab-b5a6-1c6fe0066ef1","geometry":{"type":"Point","coordinates":[-9.129874,38.720342]},"properties":{"id":"aab14904-2df1-4aab-b5a6-1c6fe0066ef1","vertical":"bebedouros","kind":"bebedouro","name":"Bebedouro na Rua da Graça","address":"Rua da Graça","source":"lisboa_aberta","source_ref":"1606","accessible":true}},{"type":"Feature","id":"a7c8046b-12a0-477a-b879-dd4298d66e1c","geometry":{"type":"Point","coordinates":[-9.144858,38.707175]},"properties":{"id":"a7c8046b-12a0-477a-b879-dd4298d66e1c","vertical":"bebedouros","kind":"bebedouro","name":"Bebedouro na Rua da Ribeira Nova","address":"Rua da Ribeira Nova","source":"lisboa_aberta","source_ref":"4909","accessible":true}},{"type":"Feature","id":"452ac4cd-6c69-4f9f-a070-1169965992d7","geometry":{"type":"Point","coordinates":[-9.154636,38.710678]},"properties":{"id":"452ac4cd-6c69-4f9f-a070-1169965992d7","vertical":"bebedouros","kind":"bebedouro","name":"Bebedouro na Rua das Francesinhas","address":"Rua das Francesinhas","source":"lisboa_aberta","source_ref":"1729","accessible":true}},{"type":"Feature","id":"b83f8604-40fb-468d-a636-b560c107324d","geometry":{"type":"Point","coordinates":[-9.096226,38.765578]},"properties":{"id":"b83f8604-40fb-468d-a636-b560c107324d","vertical":"bebedouros","kind":"bebedouro","name":"Bebedouro na Rua do Caribe- Alameda dos Oceanos","address":"Rua do Caribe","source":"lisboa_aberta","source_ref":"33134","accessible":true}},{"type":"Feature","id":"f95a28c5-04a5-44bf-baa6-f760b926ffbd","geometry":{"type":"Point","coordinates":[-9.191603,38.770138]},"properties":{"id":"f95a28c5-04a5-44bf-baa6-f760b926ffbd","vertical":"bebedouros","kind":"bebedouro","name":"Bebedouro na Rua do Rio Cávado","address":"Rua do Rio Cávado(antiga Rua II (dois) do Bairro Padre Cruz)","source":"lisboa_aberta","source_ref":"1150","accessible":true}},{"type":"Feature","id":"d8cdaaa3-b8a9-41c5-848d-70111ad94d31","geometry":{"type":"Point","coordinates":[-9.179945,38.760192]},"properties":{"id":"d8cdaaa3-b8a9-41c5-848d-70111ad94d31","vertical":"bebedouros","kind":"bebedouro","name":"Bebedouro na Rua do Seminário","address":"Rua do Seminário","source":"lisboa_aberta","source_ref":"1152","accessible":true}},{"type":"Feature","id":"dc214bc0-72da-4d0d-bc89-5ca9f05f4409","geometry":{"type":"Point","coordinates":[-9.204989,38.698487]},"properties":{"id":"dc214bc0-72da-4d0d-bc89-5ca9f05f4409","vertical":"bebedouros","kind":"bebedouro","name":"Bebedouro na Rua dos Jerónimos","address":"Rua dos Jerónimos","source":"lisboa_aberta","source_ref":"3229","accessible":true}},{"type":"Feature","id":"670c51b9-28fd-4e4e-814c-e77706987c71","geometry":{"type":"Point","coordinates":[-9.184872,38.712578]},"properties":{"id":"670c51b9-28fd-4e4e-814c-e77706987c71","vertical":"bebedouros","kind":"bebedouro","name":"Bebedouro na Tapada da Ajuda - Auditório da Lagoa Branca","address":"Tapada da Ajuda","source":"lisboa_aberta","source_ref":"252","accessible":true}},{"type":"Feature","id":"12679cf0-fa2f-4a37-a6fb-a109d4094fd4","geometry":{"type":"Point","coordinates":[-9.195046,38.703752]},"properties":{"id":"12679cf0-fa2f-4a37-a6fb-a109d4094fd4","vertical":"bebedouros","kind":"bebedouro","name":"Bebedouro na Travessa da Boa Hora à Ajuda - frente ao n.º 4","address":"Travessa da Boa-Hora à Ajuda","source":"lisboa_aberta","source_ref":"117","accessible":false}},{"type":"Feature","id":"a83215c5-d865-4f22-9fd7-2dbbe2b2b900","geometry":{"type":"Point","coordinates":[-9.161765,38.727607]},"properties":{"id":"a83215c5-d865-4f22-9fd7-2dbbe2b2b900","vertical":"bebedouros","kind":"bebedouro","name":"Bebedouro na rua Marquês de Fronteira 2","address":"Rua Marquês de Fronteira","source":"lisboa_aberta","source_ref":"1036","accessible":true}},{"type":"Feature","id":"767948e0-2f5b-4dcc-b274-0f7055813c2d","geometry":{"type":"Point","coordinates":[-9.17566,38.756153]},"properties":{"id":"767948e0-2f5b-4dcc-b274-0f7055813c2d","vertical":"bebedouros","kind":"bebedouro","name":"Bebedouro nas Torres de Lisboa","address":"Rua Tomás da Fonseca","source":"lisboa_aberta","source_ref":"3920","accessible":true}},{"type":"Feature","id":"d8d5edc2-e9eb-41fe-b1c2-34c524a0fc05","geometry":{"type":"Point","coordinates":[-9.180065,38.765679]},"properties":{"id":"d8d5edc2-e9eb-41fe-b1c2-34c524a0fc05","vertical":"bebedouros","kind":"bebedouro","name":"Bebedouro no Bairro da Horta Nova","address":"Rua Alfredo Ferraz(antigo Impasse B1 do Bairro da Horta Nova)","source":"lisboa_aberta","source_ref":"1158","accessible":false}},{"type":"Feature","id":"a601d43c-23c2-470f-ae42-431542cb3581","geometry":{"type":"Point","coordinates":[-9.153467,38.7548]},"properties":{"id":"a601d43c-23c2-470f-ae42-431542cb3581","vertical":"bebedouros","kind":"bebedouro","name":"Bebedouro no Campo Grande (Cidade Universitária)","address":"Campo Grande","source":"lisboa_aberta","source_ref":"926","accessible":true}},{"type":"Feature","id":"dff1f9c6-c5d3-4aa2-b9d5-1f48020f6ab1","geometry":{"type":"Point","coordinates":[-9.146698,38.743129]},"properties":{"id":"dff1f9c6-c5d3-4aa2-b9d5-1f48020f6ab1","vertical":"bebedouros","kind":"bebedouro","name":"Bebedouro no Campo Pequeno","address":"Campo Pequeno","source":"lisboa_aberta","source_ref":"2314","accessible":true}},{"type":"Feature","id":"0a914199-fbb0-425b-9cc7-33a328880f76","geometry":{"type":"Point","coordinates":[-9.158675,38.733798]},"properties":{"id":"0a914199-fbb0-425b-9cc7-33a328880f76","vertical":"bebedouros","kind":"bebedouro","name":"Bebedouro no Corredor Verde","address":"Avenida Calouste Gulbenkian","source":"lisboa_aberta","source_ref":"1014","accessible":false}},{"type":"Feature","id":"b4ff905d-8cba-4d0c-bea5-2f683bb01260","geometry":{"type":"Point","coordinates":[-9.173961,38.744822]},"properties":{"id":"b4ff905d-8cba-4d0c-bea5-2f683bb01260","vertical":"bebedouros","kind":"bebedouro","name":"Bebedouro no Jardim Alice Cruz","address":"Jardim Alice Cruz","source":"lisboa_aberta","source_ref":"3927","accessible":true}},{"type":"Feature","id":"3612c774-59c8-4913-9a54-6fbc4cd60534","geometry":{"type":"Point","coordinates":[-9.134903,38.724642]},"properties":{"id":"3612c774-59c8-4913-9a54-6fbc4cd60534","vertical":"bebedouros","kind":"bebedouro","name":"Bebedouro no Jardim António Feijó","address":"Avenida Almirante Reis","source":"lisboa_aberta","source_ref":"602","accessible":false}},{"type":"Feature","id":"aebcd753-cb5b-425e-8695-b7f5d878f3c1","geometry":{"type":"Point","coordinates":[-9.182394,38.746494]},"properties":{"id":"aebcd753-cb5b-425e-8695-b7f5d878f3c1","vertical":"bebedouros","kind":"bebedouro","name":"Bebedouro no Jardim Beau Séjour","address":"Estrada de Benfica","source":"lisboa_aberta","source_ref":"3939","accessible":false}},{"type":"Feature","id":"05abbfc5-4555-4eca-8a31-f18989bafada","geometry":{"type":"Point","coordinates":[-9.140088,38.722185]},"properties":{"id":"05abbfc5-4555-4eca-8a31-f18989bafada","vertical":"bebedouros","kind":"bebedouro","name":"Bebedouro no Jardim Braancamp Freire 1","address":"Campo dos Mártires da Pátria","source":"lisboa_aberta","source_ref":"2408","accessible":false}},{"type":"Feature","id":"c7d413a6-0bfe-4ec5-be3a-29087d81e90d","geometry":{"type":"Point","coordinates":[-9.139486,38.72258]},"properties":{"id":"c7d413a6-0bfe-4ec5-be3a-29087d81e90d","vertical":"bebedouros","kind":"bebedouro","name":"Bebedouro no Jardim Braancamp Freire 2","address":"Campo dos Mártires da Pátria","source":"lisboa_aberta","source_ref":"2411","accessible":true}},{"type":"Feature","id":"176ed15a-de39-4849-802e-979d610bac2f","geometry":{"type":"Point","coordinates":[-9.14031,38.72194]},"properties":{"id":"176ed15a-de39-4849-802e-979d610bac2f","vertical":"bebedouros","kind":"bebedouro","name":"Bebedouro no Jardim Braancamp Freire 3","address":"Campo dos Mártires da Pátria","source":"lisboa_aberta","source_ref":"2412","accessible":true}},{"type":"Feature","id":"f33db360-c8fb-4083-b12e-dac003a43107","geometry":{"type":"Point","coordinates":[-9.140835,38.73256]},"properties":{"id":"f33db360-c8fb-4083-b12e-dac003a43107","vertical":"bebedouros","kind":"bebedouro","name":"Bebedouro no Jardim Cesário Verde","address":"Praça da Ilha do Faial","source":"lisboa_aberta","source_ref":"4405","accessible":false}},{"type":"Feature","id":"f0520370-0e72-423f-9a18-ea05b85dace7","geometry":{"type":"Point","coordinates":[-9.148082,38.735185]},"properties":{"id":"f0520370-0e72-423f-9a18-ea05b85dace7","vertical":"bebedouros","kind":"bebedouro","name":"Bebedouro no Jardim Conde de Valbom","address":"Avenida Duque d'Ávila","source":"lisboa_aberta","source_ref":"2320","accessible":true}},{"type":"Feature","id":"dad27c7e-b561-4adc-8416-717a7ee4fa49","geometry":{"type":"Point","coordinates":[-9.136355,38.742977]},"properties":{"id":"dad27c7e-b561-4adc-8416-717a7ee4fa49","vertical":"bebedouros","kind":"bebedouro","name":"Bebedouro no Jardim Fernando Pessa","address":"Autoparque Roma","source":"lisboa_aberta","source_ref":"4304","accessible":false}},{"type":"Feature","id":"4a83de28-f427-475c-a86f-fce9a6d2a814","geometry":{"type":"Point","coordinates":[-9.142361,38.738003]},"properties":{"id":"4a83de28-f427-475c-a86f-fce9a6d2a814","vertical":"bebedouros","kind":"bebedouro","name":"Bebedouro no Jardim Gomes de Amorim","address":"Avenida de António José de Almeida","source":"lisboa_aberta","source_ref":"2318","accessible":true}},{"type":"Feature","id":"ca23425d-7751-4db6-9d1f-e8aae32ab1eb","geometry":{"type":"Point","coordinates":[-9.161523,38.737372]},"properties":{"id":"ca23425d-7751-4db6-9d1f-e8aae32ab1eb","vertical":"bebedouros","kind":"bebedouro","name":"Bebedouro no Jardim Gonçalo Ribeiro Teles","address":"Rua Eduardo Malta(antiga Rua Coronel João Maria Ferreira do Amaral)","source":"lisboa_aberta","source_ref":"1044","accessible":true}},{"type":"Feature","id":"0de89d0a-6dad-475d-bfc6-cb661cc59786","geometry":{"type":"Point","coordinates":[-9.174772,38.769054]},"properties":{"id":"0de89d0a-6dad-475d-bfc6-cb661cc59786","vertical":"bebedouros","kind":"bebedouro","name":"Bebedouro no Jardim Mahatma Gandhi","address":"Azinhaga dos Ulmeiros","source":"lisboa_aberta","source_ref":"1828","accessible":true}},{"type":"Feature","id":"bcfded61-a614-4b9f-a6aa-6af881e4082d","geometry":{"type":"Point","coordinates":[-9.156396,38.721885]},"properties":{"id":"bcfded61-a614-4b9f-a6aa-6af881e4082d","vertical":"bebedouros","kind":"bebedouro","name":"Bebedouro no Jardim Marcelino Mesquita","address":"Praça das Amoreiras","source":"lisboa_aberta","source_ref":"4606","accessible":false}},{"type":"Feature","id":"f823b961-d873-4ecb-8597-3579f9406ff7","geometry":{"type":"Point","coordinates":[-9.187104,38.748482]},"properties":{"id":"f823b961-d873-4ecb-8597-3579f9406ff7","vertical":"bebedouros","kind":"bebedouro","name":"Bebedouro no Jardim Mariano Pina","address":"Rua Mariano Pina","source":"lisboa_aberta","source_ref":"3929","accessible":true}},{"type":"Feature","id":"616331b4-278b-4e49-914d-d17419747d4c","geometry":{"type":"Point","coordinates":[-9.165499,38.717923]},"properties":{"id":"616331b4-278b-4e49-914d-d17419747d4c","vertical":"bebedouros","kind":"bebedouro","name":"Bebedouro no Jardim Teófili Braga","address":"Rua Tomás de Anunciação","source":"lisboa_aberta","source_ref":"3506","accessible":true}},{"type":"Feature","id":"6604790d-e71d-4677-bf4a-65c87032f324","geometry":{"type":"Point","coordinates":[-9.203092,38.695592]},"properties":{"id":"6604790d-e71d-4677-bf4a-65c87032f324","vertical":"bebedouros","kind":"bebedouro","name":"Bebedouro no Jardim Vasco da Gama","address":"Avenida da Índia","source":"lisboa_aberta","source_ref":"3236","accessible":true}},{"type":"Feature","id":"027c7032-fdd8-4de3-9575-871aa1d417c2","geometry":{"type":"Point","coordinates":[-9.167124,38.758506]},"properties":{"id":"027c7032-fdd8-4de3-9575-871aa1d417c2","vertical":"bebedouros","kind":"bebedouro","name":"Bebedouro no Jardim Ventura Terra","address":"Avenida Ventura Terra","source":"lisboa_aberta","source_ref":"18151","accessible":true}},{"type":"Feature","id":"003c68a7-bac3-4ec1-b4e2-30c815aa6646","geometry":{"type":"Point","coordinates":[-9.17803,38.761405]},"properties":{"id":"003c68a7-bac3-4ec1-b4e2-30c815aa6646","vertical":"bebedouros","kind":"bebedouro","name":"Bebedouro no Jardim da Alameda Roentgen","address":"Alameda Roentgen(antiga Alameda Central à Quinta dos Inglesinhos)","source":"lisboa_aberta","source_ref":"1154","accessible":true}},{"type":"Feature","id":"367de16d-82c2-466c-bfa7-aca155269e69","geometry":{"type":"Point","coordinates":[-9.18177,38.745786]},"properties":{"id":"367de16d-82c2-466c-bfa7-aca155269e69","vertical":"bebedouros","kind":"bebedouro","name":"Bebedouro no Largo Conde de Bonfim","address":"Largo do Conde de Bonfim","source":"lisboa_aberta","source_ref":"3922","accessible":true}},{"type":"Feature","id":"ae31087e-a8d6-4671-a329-d70d0c52cc03","geometry":{"type":"Point","coordinates":[-9.177707,38.742916]},"properties":{"id":"ae31087e-a8d6-4671-a329-d70d0c52cc03","vertical":"bebedouros","kind":"bebedouro","name":"Bebedouro no Largo Conde de Ottolini","address":"Largo Conde de Ottolini","source":"lisboa_aberta","source_ref":"3923","accessible":true}},{"type":"Feature","id":"8b12031e-e72b-43dc-a520-90279fb7eeac","geometry":{"type":"Point","coordinates":[-9.125944,38.713048]},"properties":{"id":"8b12031e-e72b-43dc-a520-90279fb7eeac","vertical":"bebedouros","kind":"bebedouro","name":"Bebedouro no Largo D. Rosa","address":"Largo D. Rosa","source":"lisboa_aberta","source_ref":"3610","accessible":true}},{"type":"Feature","id":"084ea617-fa1e-473b-a5e2-b27d0d7e9454","geometry":{"type":"Point","coordinates":[-9.149818,38.710898]},"properties":{"id":"084ea617-fa1e-473b-a5e2-b27d0d7e9454","vertical":"bebedouros","kind":"bebedouro","name":"Bebedouro no Largo Doutor António de Sousa Macedo","address":"Largo Doutor António de Sousa Macedo","source":"lisboa_aberta","source_ref":"2803","accessible":true}},{"type":"Feature","id":"3483b2bb-3aab-4588-a115-ac71576d95e8","geometry":{"type":"Point","coordinates":[-9.139238,38.754564]},"properties":{"id":"3483b2bb-3aab-4588-a115-ac71576d95e8","vertical":"bebedouros","kind":"bebedouro","name":"Bebedouro no Largo Frei Heitor Pinto","address":"Avenida da Igreja","source":"lisboa_aberta","source_ref":"4205","accessible":true}},{"type":"Feature","id":"26358d1e-4d0a-4277-9f1d-828fbdafa318","geometry":{"type":"Point","coordinates":[-9.125712,38.737631]},"properties":{"id":"26358d1e-4d0a-4277-9f1d-828fbdafa318","vertical":"bebedouros","kind":"bebedouro","name":"Bebedouro no Largo Honório Barreto","address":"Largo Honório Barreto","source":"lisboa_aberta","source_ref":"712","accessible":true}},{"type":"Feature","id":"31c59838-af5e-4a8e-8855-dcd54886d4d9","geometry":{"type":"Point","coordinates":[-9.173869,38.74098]},"properties":{"id":"31c59838-af5e-4a8e-8855-dcd54886d4d9","vertical":"bebedouros","kind":"bebedouro","name":"Bebedouro no Largo Maria de Lurdes Pais Gomes","address":"Largo Maria de Lurdes Pais Gomes(antigo Impasse I.6 do Bairro das Furnas)","source":"lisboa_aberta","source_ref":"3924","accessible":true}},{"type":"Feature","id":"141b6b94-8798-4c03-8977-1a7be58e9542","geometry":{"type":"Point","coordinates":[-9.186556,38.749763]},"properties":{"id":"141b6b94-8798-4c03-8977-1a7be58e9542","vertical":"bebedouros","kind":"bebedouro","name":"Bebedouro no Largo Pedro Correia Marques","address":"Largo Pedro Correia Marques","source":"lisboa_aberta","source_ref":"3928","accessible":true}},{"type":"Feature","id":"f1052cf1-637e-4501-8510-adaeacf420c3","geometry":{"type":"Point","coordinates":[-9.168721,38.739643]},"properties":{"id":"f1052cf1-637e-4501-8510-adaeacf420c3","vertical":"bebedouros","kind":"bebedouro","name":"Bebedouro no Largo Professor Arnaldo Sampaio","address":"Largo Prof. Arnaldo Sampaio","source":"lisboa_aberta","source_ref":"1041","accessible":true}},{"type":"Feature","id":"34e2cbd5-04e8-438b-ac9d-dbe5c4bbd621","geometry":{"type":"Point","coordinates":[-9.14307,38.713063]},"properties":{"id":"34e2cbd5-04e8-438b-ac9d-dbe5c4bbd621","vertical":"bebedouros","kind":"bebedouro","name":"Bebedouro no Largo Trindade Coelho","address":"Largo Trindade Coelho","source":"lisboa_aberta","source_ref":"1505","accessible":true}},{"type":"Feature","id":"01372874-8ec9-4460-b03b-780fd1245fa5","geometry":{"type":"Point","coordinates":[-9.153313,38.70796]},"properties":{"id":"01372874-8ec9-4460-b03b-780fd1245fa5","vertical":"bebedouros","kind":"bebedouro","name":"Bebedouro no Largo Vitorino Damásio","address":"Largo Vitorino Damásio","source":"lisboa_aberta","source_ref":"3704","accessible":true}},{"type":"Feature","id":"9172229a-d4df-468a-b343-faee6872c7f1","geometry":{"type":"Point","coordinates":[-9.130245,38.716925]},"properties":{"id":"9172229a-d4df-468a-b343-faee6872c7f1","vertical":"bebedouros","kind":"bebedouro","name":"Bebedouro no Largo da Graça","address":"Largo da Graça","source":"lisboa_aberta","source_ref":"1607","accessible":true}},{"type":"Feature","id":"70bfbcf7-0e76-4fd8-befa-8ea7d74a878a","geometry":{"type":"Point","coordinates":[-9.201975,38.702761]},"properties":{"id":"70bfbcf7-0e76-4fd8-befa-8ea7d74a878a","vertical":"bebedouros","kind":"bebedouro","name":"Bebedouro no Largo da Memória - junto à igreja","address":"Largo da Memória","source":"lisboa_aberta","source_ref":"121","accessible":false}},{"type":"Feature","id":"42e8ae4a-bfef-4ca4-ac51-770a760172b4","geometry":{"type":"Point","coordinates":[-9.133262,38.709572]},"properties":{"id":"42e8ae4a-bfef-4ca4-ac51-770a760172b4","vertical":"bebedouros","kind":"bebedouro","name":"Bebedouro no Largo da Sé","address":"Largo da Sé","source":"lisboa_aberta","source_ref":"5206","accessible":true}},{"type":"Feature","id":"58c01615-3cf7-460f-b48f-db4b64b429cf","geometry":{"type":"Point","coordinates":[-9.130738,38.712353]},"properties":{"id":"58c01615-3cf7-460f-b48f-db4b64b429cf","vertical":"bebedouros","kind":"bebedouro","name":"Bebedouro no Largo das Portas do Sol","address":"Largo das Portas do Sol","source":"lisboa_aberta","source_ref":"3402","accessible":true}},{"type":"Feature","id":"72baddab-1970-4397-a08e-61e352d81c51","geometry":{"type":"Point","coordinates":[-9.17333,38.772558]},"properties":{"id":"72baddab-1970-4397-a08e-61e352d81c51","vertical":"bebedouros","kind":"bebedouro","name":"Bebedouro no Largo de São João da Mata","address":"Largo de São João da Mata","source":"lisboa_aberta","source_ref":"18145","accessible":true}},{"type":"Feature","id":"d0d5c11b-64d9-46be-ac30-c391daf57f6d","geometry":{"type":"Point","coordinates":[-9.15251,38.718624]},"properties":{"id":"d0d5c11b-64d9-46be-ac30-c391daf57f6d","vertical":"bebedouros","kind":"bebedouro","name":"Bebedouro no Largo de São Mamede","address":"Largo de São Mamede","source":"lisboa_aberta","source_ref":"4609","accessible":true}},{"type":"Feature","id":"a1861a2d-f457-47a0-acfd-1034c57cefef","geometry":{"type":"Point","coordinates":[-9.142464,38.710458]},"properties":{"id":"a1861a2d-f457-47a0-acfd-1034c57cefef","vertical":"bebedouros","kind":"bebedouro","name":"Bebedouro no Largo do Chiado","address":"Largo do Chiado","source":"lisboa_aberta","source_ref":"1504","accessible":true}},{"type":"Feature","id":"14e11680-fda3-4f33-b209-c335f73c78a4","geometry":{"type":"Point","coordinates":[-9.135641,38.711906]},"properties":{"id":"14e11680-fda3-4f33-b209-c335f73c78a4","vertical":"bebedouros","kind":"bebedouro","name":"Bebedouro no Largo do Chão do Loureiro","address":"Largo do Chão do Loureiro","source":"lisboa_aberta","source_ref":"3806","accessible":true}},{"type":"Feature","id":"147f5e1d-c4d0-488b-94b1-5da6671de99b","geometry":{"type":"Point","coordinates":[-9.131156,38.711954]},"properties":{"id":"147f5e1d-c4d0-488b-94b1-5da6671de99b","vertical":"bebedouros","kind":"bebedouro","name":"Bebedouro no Largo do Contador-Mor","address":"Largo do Contador-Mor","source":"lisboa_aberta","source_ref":"3401","accessible":true}},{"type":"Feature","id":"d244eedf-d64a-4b26-bf4a-10721107d2ad","geometry":{"type":"Point","coordinates":[-9.1421,38.707026]},"properties":{"id":"d244eedf-d64a-4b26-bf4a-10721107d2ad","vertical":"bebedouros","kind":"bebedouro","name":"Bebedouro no Largo do Corpo Santo","address":"Largo do Corpo Santo","source":"lisboa_aberta","source_ref":"4911","accessible":true}},{"type":"Feature","id":"36b745cf-4f99-4ded-830e-5b41a22f3e1b","geometry":{"type":"Point","coordinates":[-9.154556,38.71996]},"properties":{"id":"36b745cf-4f99-4ded-830e-5b41a22f3e1b","vertical":"bebedouros","kind":"bebedouro","name":"Bebedouro no Largo do Rato","address":"Largo do Rato","source":"lisboa_aberta","source_ref":"4608","accessible":true}},{"type":"Feature","id":"ed51c932-4bc1-487c-98f9-d5fbe0ed1fe4","geometry":{"type":"Point","coordinates":[-9.118199,38.777046]},"properties":{"id":"ed51c932-4bc1-487c-98f9-d5fbe0ed1fe4","vertical":"bebedouros","kind":"bebedouro","name":"Bebedouro no Mercado da Encarnação Norte- Praça do Norte","address":"Praça do Norte","source":"lisboa_aberta","source_ref":"33124","accessible":true}},{"type":"Feature","id":"8801bdcc-5b46-4c12-a5bc-3e6346bb5278","geometry":{"type":"Point","coordinates":[-9.147681,38.709678]},"properties":{"id":"8801bdcc-5b46-4c12-a5bc-3e6346bb5278","vertical":"bebedouros","kind":"bebedouro","name":"Bebedouro no Miradouro de Santa Catarina","address":"Rua de Santa Catarina","source":"lisboa_aberta","source_ref":"4913","accessible":true}},{"type":"Feature","id":"41c48e72-d1bc-4167-938e-b8d58a404ff1","geometry":{"type":"Point","coordinates":[-9.19647,38.720723]},"properties":{"id":"41c48e72-d1bc-4167-938e-b8d58a404ff1","vertical":"bebedouros","kind":"bebedouro","name":"Bebedouro no Miradouro do Moinho do Penedo","address":"Estrada do Penedo","source":"lisboa_aberta","source_ref":"134","accessible":false}},{"type":"Feature","id":"abbbb8ad-fe68-4b37-84dd-1bec237a4a00","geometry":{"type":"Point","coordinates":[-9.208182,38.694193]},"properties":{"id":"abbbb8ad-fe68-4b37-84dd-1bec237a4a00","vertical":"bebedouros","kind":"bebedouro","name":"Bebedouro no Museu de Arte Popular","address":"Avenida de Brasília","source":"lisboa_aberta","source_ref":"3234","accessible":true}},{"type":"Feature","id":"4259df11-b164-43af-85f4-1d2f259b1235","geometry":{"type":"Point","coordinates":[-9.124292,38.748321]},"properties":{"id":"4259df11-b164-43af-85f4-1d2f259b1235","vertical":"bebedouros","kind":"bebedouro","name":"Bebedouro no Parque Canino da Belavista - Central","address":"Avenida Dr. Arlindo Vicente(antiga Rua 1 da Zona N1 de Chelas)","source":"lisboa_aberta","source_ref":"2151","accessible":false}},{"type":"Feature","id":"c33de5cb-c5f4-4db6-bc46-cdb98d53d3c3","geometry":{"type":"Point","coordinates":[-9.19107,38.745981]},"properties":{"id":"c33de5cb-c5f4-4db6-bc46-cdb98d53d3c3","vertical":"bebedouros","kind":"bebedouro","name":"Bebedouro no Parque Canino da Estrada do Calhariz de Benfica","address":"Estrada do Calhariz de Benfica","source":"lisboa_aberta","source_ref":"883","accessible":false}},{"type":"Feature","id":"dd16b6d9-8783-4d3a-a083-cdfc1be31288","geometry":{"type":"Point","coordinates":[-9.152958,38.77004]},"properties":{"id":"dd16b6d9-8783-4d3a-a083-cdfc1be31288","vertical":"bebedouros","kind":"bebedouro","name":"Bebedouro no Parque Canino da Quinta das Conchas","address":"Alameda das Linhas de Torres","source":"lisboa_aberta","source_ref":"18148","accessible":false}},{"type":"Feature","id":"917469f4-9206-401d-9569-481de57b9d75","geometry":{"type":"Point","coordinates":[-9.1583,38.770795]},"properties":{"id":"917469f4-9206-401d-9569-481de57b9d75","vertical":"bebedouros","kind":"bebedouro","name":"Bebedouro no Parque Canino da Quinta dos Lilases","address":"Alameda das Linhas de Torres","source":"lisboa_aberta","source_ref":"18147","accessible":false}},{"type":"Feature","id":"24e53d03-2aff-476f-a4ff-15ada7cd8bb4","geometry":{"type":"Point","coordinates":[-9.162366,38.782159]},"properties":{"id":"24e53d03-2aff-476f-a4ff-15ada7cd8bb4","vertical":"bebedouros","kind":"bebedouro","name":"Bebedouro no Parque Canino da Rua Sem Nome à Calçada do Poço","address":"Rua Sem Nome à Calçada do Poço","source":"lisboa_aberta","source_ref":"506","accessible":false}},{"type":"Feature","id":"dfcfe18b-a6cd-45c4-9efc-4b5af2ce39bc","geometry":{"type":"Point","coordinates":[-9.139662,38.721608]},"properties":{"id":"dfcfe18b-a6cd-45c4-9efc-4b5af2ce39bc","vertical":"bebedouros","kind":"bebedouro","name":"Bebedouro no Parque Canino do Campo dos Mártires da Pátria","address":"Campo dos Mártires da Pátria","source":"lisboa_aberta","source_ref":"2414","accessible":false}},{"type":"Feature","id":"c00f6177-0e11-456d-9c88-c96289809f6d","geometry":{"type":"Point","coordinates":[-9.118793,38.765437]},"properties":{"id":"c00f6177-0e11-456d-9c88-c96289809f6d","vertical":"bebedouros","kind":"bebedouro","name":"Bebedouro no Parque Canino do Vale do Silêncio","address":"Parque do Vale do Silêncio","source":"lisboa_aberta","source_ref":"33138","accessible":false}},{"type":"Feature","id":"61d53da9-6fc8-41e4-8bf4-0a58ff83ca65","geometry":{"type":"Point","coordinates":[-9.159322,38.740749]},"properties":{"id":"61d53da9-6fc8-41e4-8bf4-0a58ff83ca65","vertical":"bebedouros","kind":"bebedouro","name":"Bebedouro no Parque Desportivo da Junta de Freguesia","address":"Rua Filipe da Mata","source":"lisboa_aberta","source_ref":"2311","accessible":false}},{"type":"Feature","id":"d32b1653-ede7-4b8e-9328-5e1ad2dac336","geometry":{"type":"Point","coordinates":[-9.164439,38.760071]},"properties":{"id":"d32b1653-ede7-4b8e-9328-5e1ad2dac336","vertical":"bebedouros","kind":"bebedouro","name":"Bebedouro no Parque Hortícola de Telheiras","address":"Rua Professor Francisco Gentil(antiga Rua 7 da Zona de Telheiras)","source":"lisboa_aberta","source_ref":"1884","accessible":false}},{"type":"Feature","id":"eed1fb81-69d6-4ed0-8825-8825b5557bea","geometry":{"type":"Point","coordinates":[-9.144093,38.747947]},"properties":{"id":"eed1fb81-69d6-4ed0-8825-8825b5557bea","vertical":"bebedouros","kind":"bebedouro","name":"Bebedouro no Parque Infantil da Praça Andrade Caminha","address":"Praça Andrade Caminha","source":"lisboa_aberta","source_ref":"404","accessible":false}},{"type":"Feature","id":"2efa5ce6-8210-42c6-8d9c-d7c7895c0003","geometry":{"type":"Point","coordinates":[-9.105411,38.746609]},"properties":{"id":"2efa5ce6-8210-42c6-8d9c-d7c7895c0003","vertical":"bebedouros","kind":"bebedouro","name":"Bebedouro no Parque Infantil da Quinta das Flores","address":"Azinhaga do Vale Fundão","source":"lisboa_aberta","source_ref":"2126","accessible":false}},{"type":"Feature","id":"68604adc-262e-4279-9213-407cd6b1c6ad","geometry":{"type":"Point","coordinates":[-9.162222,38.782371]},"properties":{"id":"68604adc-262e-4279-9213-407cd6b1c6ad","vertical":"bebedouros","kind":"bebedouro","name":"Bebedouro no Parque Infantil da Rua Engº Quartin Graça","address":"Rua Engº Quartin Graça","source":"lisboa_aberta","source_ref":"504","accessible":false}},{"type":"Feature","id":"05574720-9f0c-4816-9c80-650da2f5ca7c","geometry":{"type":"Point","coordinates":[-9.170159,38.768174]},"properties":{"id":"05574720-9f0c-4816-9c80-650da2f5ca7c","vertical":"bebedouros","kind":"bebedouro","name":"Bebedouro no Parque Infantil da Rua Frederico George","address":"Rua Frederico George(antiga Rua B- Alto da Faia e Rua A - Enc Telheiras)","source":"lisboa_aberta","source_ref":"1880","accessible":false}},{"type":"Feature","id":"44cb51d3-1a43-43b6-9799-a38775d6cc6f","geometry":{"type":"Point","coordinates":[-9.153913,38.74486]},"properties":{"id":"44cb51d3-1a43-43b6-9799-a38775d6cc6f","vertical":"bebedouros","kind":"bebedouro","name":"Bebedouro no Parque Infantil da Rua Julieta Ferrão","address":"Rua Julieta Ferrão","source":"lisboa_aberta","source_ref":"2309","accessible":false}},{"type":"Feature","id":"4df24a52-2bb3-45f4-9542-26f7aad01e38","geometry":{"type":"Point","coordinates":[-9.136945,38.746282]},"properties":{"id":"4df24a52-2bb3-45f4-9542-26f7aad01e38","vertical":"bebedouros","kind":"bebedouro","name":"Bebedouro no Parque Infantil da Rua Teixeira de Pascoais","address":"Rua Teixeira de Pascoais","source":"lisboa_aberta","source_ref":"405","accessible":false}},{"type":"Feature","id":"eacfa4b6-6721-4619-be2c-7d2697fe8542","geometry":{"type":"Point","coordinates":[-9.174369,38.716547]},"properties":{"id":"eacfa4b6-6721-4619-be2c-7d2697fe8542","vertical":"bebedouros","kind":"bebedouro","name":"Bebedouro no Parque Infantil da Rua da Quinta do Loureiro","address":"Rua da Quinta do Loureiro","source":"lisboa_aberta","source_ref":"3505","accessible":true}},{"type":"Feature","id":"96d43460-395c-432b-849e-d239bb8d53c0","geometry":{"type":"Point","coordinates":[-9.150663,38.738954]},"properties":{"id":"96d43460-395c-432b-849e-d239bb8d53c0","vertical":"bebedouros","kind":"bebedouro","name":"Bebedouro no Parque Infantil do Jardim Amélia Carvalheira","address":"Jardim Amélia Carvalheira","source":"lisboa_aberta","source_ref":"2305","accessible":false}},{"type":"Feature","id":"456e5e03-391b-46cf-9223-054bbcb05fb7","geometry":{"type":"Point","coordinates":[-9.143575,38.737802]},"properties":{"id":"456e5e03-391b-46cf-9223-054bbcb05fb7","vertical":"bebedouros","kind":"bebedouro","name":"Bebedouro no Parque Infantil do Jardim Gomes de Amorim","address":"Avenida de António José de Almeida","source":"lisboa_aberta","source_ref":"2307","accessible":false}},{"type":"Feature","id":"7870e8f0-d38a-4bc8-a978-4476e49e9e2d","geometry":{"type":"Point","coordinates":[-9.14495,38.743454]},"properties":{"id":"7870e8f0-d38a-4bc8-a978-4476e49e9e2d","vertical":"bebedouros","kind":"bebedouro","name":"Bebedouro no Parque Infantil do Jardim Marquês de Marialva","address":"Campo Pequeno","source":"lisboa_aberta","source_ref":"2306","accessible":false}},{"type":"Feature","id":"71f53b2a-093e-4dcf-bbd8-907ba60f7e48","geometry":{"type":"Point","coordinates":[-9.2095,38.712163]},"properties":{"id":"71f53b2a-093e-4dcf-bbd8-907ba60f7e48","vertical":"bebedouros","kind":"bebedouro","name":"Bebedouro no Parque Infantil do Largo Ocidental","address":"Largo Ocidental","source":"lisboa_aberta","source_ref":"120","accessible":false}},{"type":"Feature","id":"0f2e60ce-6ac5-429e-ac4a-49c0efdf37bd","geometry":{"type":"Point","coordinates":[-9.205388,38.714127]},"properties":{"id":"0f2e60ce-6ac5-429e-ac4a-49c0efdf37bd","vertical":"bebedouros","kind":"bebedouro","name":"Bebedouro no Parque Infantil do Largo Oriental","address":"Rua Maria Teresa de Noronha(Bairro do Caramão da Ajuda)","source":"lisboa_aberta","source_ref":"119","accessible":false}},{"type":"Feature","id":"badd17d4-11c8-4b4a-aab0-0a8ae43175ca","geometry":{"type":"Point","coordinates":[-9.194035,38.703654]},"properties":{"id":"badd17d4-11c8-4b4a-aab0-0a8ae43175ca","vertical":"bebedouros","kind":"bebedouro","name":"Bebedouro no Parque Infantil do Largo da Boa Hora à Ajuda","address":"Largo da Boa-Hora à Ajuda","source":"lisboa_aberta","source_ref":"116","accessible":false}},{"type":"Feature","id":"93a4e570-6fdc-4d6f-bc06-9c4c4199c09b","geometry":{"type":"Point","coordinates":[-9.162952,38.784062]},"properties":{"id":"93a4e570-6fdc-4d6f-bc06-9c4c4199c09b","vertical":"bebedouros","kind":"bebedouro","name":"Bebedouro no Parque Urbano do Vale da Ameixoeira","address":"Estrada do Desvio","source":"lisboa_aberta","source_ref":"507","accessible":true}},{"type":"Feature","id":"b8a19f93-b4b4-4468-9edc-7daf5e497afc","geometry":{"type":"Point","coordinates":[-9.121077,38.769761]},"properties":{"id":"b8a19f93-b4b4-4468-9edc-7daf5e497afc","vertical":"bebedouros","kind":"bebedouro","name":"Bebedouro no Parque Urbano dos Olivais","address":"Avenida de Berlim","source":"lisboa_aberta","source_ref":"3373","accessible":false}},{"type":"Feature","id":"d04b01c9-68e5-4527-83c3-d60cf41a5354","geometry":{"type":"Point","coordinates":[-9.125259,38.746453]},"properties":{"id":"d04b01c9-68e5-4527-83c3-d60cf41a5354","vertical":"bebedouros","kind":"bebedouro","name":"Bebedouro no Parque da Belavista Sul","address":"Acesso à Azinhaga Pombeiro","source":"lisboa_aberta","source_ref":"2128","accessible":false}},{"type":"Feature","id":"5d9e0e6f-29a9-47a2-afa3-2edc3622e584","geometry":{"type":"Point","coordinates":[-9.196775,38.724779]},"properties":{"id":"5d9e0e6f-29a9-47a2-afa3-2edc3622e584","vertical":"bebedouros","kind":"bebedouro","name":"Bebedouro no Parque de Merendas da Cruz das Oliveiras","address":"Estrada das Oliveiras de Baixo","source":"lisboa_aberta","source_ref":"827","accessible":false}},{"type":"Feature","id":"0f810274-d6de-45a9-9362-829d7da994e2","geometry":{"type":"Point","coordinates":[-9.185969,38.722959]},"properties":{"id":"0f810274-d6de-45a9-9362-829d7da994e2","vertical":"bebedouros","kind":"bebedouro","name":"Bebedouro no Parque de Merendas do Miradouro da Escarpa","address":"Estrada do Alvito","source":"lisboa_aberta","source_ref":"243","accessible":false}},{"type":"Feature","id":"4d488b24-c115-4343-88a5-ae8110a1307a","geometry":{"type":"Point","coordinates":[-9.19644,38.720999]},"properties":{"id":"4d488b24-c115-4343-88a5-ae8110a1307a","vertical":"bebedouros","kind":"bebedouro","name":"Bebedouro no Parque de Merendas do Moinho do Penedo","address":"Estrada do Penedo","source":"lisboa_aberta","source_ref":"135","accessible":false}},{"type":"Feature","id":"c3f02a4c-f391-4196-85ba-963e58c50553","geometry":{"type":"Point","coordinates":[-9.092213,38.7873]},"properties":{"id":"c3f02a4c-f391-4196-85ba-963e58c50553","vertical":"bebedouros","kind":"bebedouro","name":"Bebedouro no Parque de Skate-Passeio do Sapal","address":"Passeio do Sapal","source":"lisboa_aberta","source_ref":"33136","accessible":true}},{"type":"Feature","id":"c12aaf80-182d-4521-aa66-a8f5fdcfbca2","geometry":{"type":"Point","coordinates":[-9.092055,38.7764]},"properties":{"id":"c12aaf80-182d-4521-aa66-a8f5fdcfbca2","vertical":"bebedouros","kind":"bebedouro","name":"Bebedouro no Passeio Heróis do Mar","address":"Rua Comandante Cousteau","source":"lisboa_aberta","source_ref":"33135","accessible":true}},{"type":"Feature","id":"2fcf729a-f753-4a7c-8c71-bd1b37241ac5","geometry":{"type":"Point","coordinates":[-9.095469,38.755786]},"properties":{"id":"2fcf729a-f753-4a7c-8c71-bd1b37241ac5","vertical":"bebedouros","kind":"bebedouro","name":"Bebedouro no Passeio das Musas- Jardim de Bairro","address":"Passeio das Musas","source":"lisboa_aberta","source_ref":"33131","accessible":true}},{"type":"Feature","id":"1557d000-9cfe-4cd1-bcc0-2466fdee8341","geometry":{"type":"Point","coordinates":[-9.093417,38.758449]},"properties":{"id":"1557d000-9cfe-4cd1-bcc0-2466fdee8341","vertical":"bebedouros","kind":"bebedouro","name":"Bebedouro no Passeio de Neptuno","address":"Passeio de Neptuno","source":"lisboa_aberta","source_ref":"33142","accessible":true}},{"type":"Feature","id":"bf14ab5d-0025-4030-b66f-8fdd861e752b","geometry":{"type":"Point","coordinates":[-9.092611,38.762596]},"properties":{"id":"bf14ab5d-0025-4030-b66f-8fdd861e752b","vertical":"bebedouros","kind":"bebedouro","name":"Bebedouro no Passeio de Neptuno- Jardim das Ondas","address":"Passeio de Neptuno","source":"lisboa_aberta","source_ref":"33133","accessible":true}},{"type":"Feature","id":"1d6f8c1a-8f5b-4121-82b6-437faf3a3c28","geometry":{"type":"Point","coordinates":[-9.104851,38.770529]},"properties":{"id":"1d6f8c1a-8f5b-4121-82b6-437faf3a3c28","vertical":"bebedouros","kind":"bebedouro","name":"Bebedouro no Polo dos Olivais 2","address":"Avenida Infante Dom Henrique","source":"lisboa_aberta","source_ref":"33130","accessible":true}},{"type":"Feature","id":"f26f01ca-fd5b-4f35-bd92-c4627b3bd452","geometry":{"type":"Point","coordinates":[-9.129234,38.709099]},"properties":{"id":"f26f01ca-fd5b-4f35-bd92-c4627b3bd452","vertical":"bebedouros","kind":"bebedouro","name":"Bebedouro no Terminal de Cruzeiros","address":"Avenida Infante Dom Henrique","source":"lisboa_aberta","source_ref":"3609","accessible":true}},{"type":"Feature","id":"21803d1c-a42a-40d0-94cb-eee233cc0f6b","geometry":{"type":"Point","coordinates":[-9.198978,38.695289]},"properties":{"id":"21803d1c-a42a-40d0-94cb-eee233cc0f6b","vertical":"bebedouros","kind":"bebedouro","name":"Bebedouro no Terreiro das Missas - Estação Fluvial de Belém","address":"Avenida de Brasília","source":"lisboa_aberta","source_ref":"3237","accessible":true}},{"type":"Feature","id":"23582cd5-5423-4778-9798-2e757c2cf376","geometry":{"type":"Point","coordinates":[-9.12208,38.756618]},"properties":{"id":"23582cd5-5423-4778-9798-2e757c2cf376","vertical":"bebedouros","kind":"bebedouro","name":"Bebedouro no Vale de Chelas","address":"Rua Adães Bermudes","source":"lisboa_aberta","source_ref":"2145","accessible":true}},{"type":"Feature","id":"1fbfd0d1-e540-4c71-bd83-871c1012e4fe","geometry":{"type":"Point","coordinates":[-9.098685,38.745029]},"properties":{"id":"1fbfd0d1-e540-4c71-bd83-871c1012e4fe","vertical":"bebedouros","kind":"bebedouro","name":"Bebedouro nos Jardins de Braço de Prata","address":"Rua F ao Braço de Prata","source":"lisboa_aberta","source_ref":"2148","accessible":true}},{"type":"Feature","id":"37ceb4fc-58c1-4e75-ab6f-27129a11714f","geometry":{"type":"Point","coordinates":[-9.137377,38.740858]},"properties":{"id":"37ceb4fc-58c1-4e75-ab6f-27129a11714f","vertical":"bebedouros","kind":"bebedouro","name":"Fontanário na Praça de Londres-separador central","address":"Praça de Londres","source":"lisboa_aberta","source_ref":"4309","accessible":false}},{"type":"Feature","id":"71750cd5-0f9d-4b7c-bd84-00e601dfd46b","geometry":{"type":"Point","coordinates":[-9.16918,38.756458]},"properties":{"id":"71750cd5-0f9d-4b7c-bd84-00e601dfd46b","vertical":"bebedouros","kind":"bebedouro","name":"Fontanário no Parque Infantil da Quinta das Fonsecas","address":"Rua Mem de Sá","source":"lisboa_aberta","source_ref":"920","accessible":false}},{"type":"Feature","id":"415c85cb-5bfe-40d8-ba13-84ca69911e9f","geometry":{"type":"Point","coordinates":[-9.10796,38.764139]},"properties":{"id":"415c85cb-5bfe-40d8-ba13-84ca69911e9f","vertical":"bebedouros","kind":"bica","name":"Bebedouro 2 no Cemitério dos Olivais","address":"Rua 11A do Cemitério dos Olivais","source":"lisboa_aberta","source_ref":"33105","accessible":null}},{"type":"Feature","id":"3dc00cce-408b-4dfe-bdcd-15e560f7885a","geometry":{"type":"Point","coordinates":[-9.185731,38.774004]},"properties":{"id":"3dc00cce-408b-4dfe-bdcd-15e560f7885a","vertical":"bebedouros","kind":"bica","name":"Bica 1 Cemitério de Carnide","address":"Rua do Rio Zêzere(antiga Rua 7A do Bairro Padre Cruz)","source":"lisboa_aberta","source_ref":"1119","accessible":null}},{"type":"Feature","id":"73cfc888-7123-4b9d-aa00-bd3434497068","geometry":{"type":"Point","coordinates":[-9.202315,38.75712]},"properties":{"id":"73cfc888-7123-4b9d-aa00-bd3434497068","vertical":"bebedouros","kind":"bica","name":"Bica 1 no Cemitério de Benfica","address":"Rua 4 do Cemitério de Benfica","source":"lisboa_aberta","source_ref":"830","accessible":null}},{"type":"Feature","id":"369b0f11-fbe7-4f2c-99d1-5edf5afcd48e","geometry":{"type":"Point","coordinates":[-9.16828,38.772487]},"properties":{"id":"369b0f11-fbe7-4f2c-99d1-5edf5afcd48e","vertical":"bebedouros","kind":"bica","name":"Bica 1 no Cemitério do Lumiar","address":"Rua 20 do Cemitério do Lumiar","source":"lisboa_aberta","source_ref":"1894","accessible":null}},{"type":"Feature","id":"5e801a0d-e7b5-4c89-b3cd-0e28c002b766","geometry":{"type":"Point","coordinates":[-9.1086,38.763535]},"properties":{"id":"5e801a0d-e7b5-4c89-b3cd-0e28c002b766","vertical":"bebedouros","kind":"bica","name":"Bica 1 no Cemitério dos Olivais","address":"Rua 14 do Cemitério dos Olivais","source":"lisboa_aberta","source_ref":"3375","accessible":null}},{"type":"Feature","id":"1a1a1c82-ab9e-461d-b8f5-546243f11edb","geometry":{"type":"Point","coordinates":[-9.187211,38.773321]},"properties":{"id":"1a1a1c82-ab9e-461d-b8f5-546243f11edb","vertical":"bebedouros","kind":"bica","name":"Bica 10 Cemitério de Carnide","address":"Rua do Rio Zêzere(antiga Rua 7A do Bairro Padre Cruz)","source":"lisboa_aberta","source_ref":"1128","accessible":null}},{"type":"Feature","id":"609097f6-95a1-41e4-ab0a-fd4f4851dff8","geometry":{"type":"Point","coordinates":[-9.201236,38.757287]},"properties":{"id":"609097f6-95a1-41e4-ab0a-fd4f4851dff8","vertical":"bebedouros","kind":"bica","name":"Bica 10 no Cemitério de Benfica","address":"Rua 8 do Cemitério de Benfica","source":"lisboa_aberta","source_ref":"839","accessible":null}},{"type":"Feature","id":"e8a82d37-39cf-47a5-855c-73c63df39292","geometry":{"type":"Point","coordinates":[-9.108235,38.763878]},"properties":{"id":"e8a82d37-39cf-47a5-855c-73c63df39292","vertical":"bebedouros","kind":"bica","name":"Bica 10 no Cemitério dos Olivais","address":"Rua 10 do Cemitério dos Olivais","source":"lisboa_aberta","source_ref":"3395","accessible":null}},{"type":"Feature","id":"90b8b1c0-f517-42e7-8f74-22ca448e3ae7","geometry":{"type":"Point","coordinates":[-9.18701,38.773651]},"properties":{"id":"90b8b1c0-f517-42e7-8f74-22ca448e3ae7","vertical":"bebedouros","kind":"bica","name":"Bica 11 Cemitério de Carnide","address":"Rua do Rio Zêzere(antiga Rua 7A do Bairro Padre Cruz)","source":"lisboa_aberta","source_ref":"1129","accessible":null}},{"type":"Feature","id":"574087d6-04b1-4234-9737-ea73e21aa7e8","geometry":{"type":"Point","coordinates":[-9.20133,38.757935]},"properties":{"id":"574087d6-04b1-4234-9737-ea73e21aa7e8","vertical":"bebedouros","kind":"bica","name":"Bica 11 no Cemitério de Benfica","address":"Rua 7 do Cemitério de Benfica","source":"lisboa_aberta","source_ref":"840","accessible":null}},{"type":"Feature","id":"2fb40e9b-2143-424b-ab92-6c36f4fa4b04","geometry":{"type":"Point","coordinates":[-9.108516,38.76362]},"properties":{"id":"2fb40e9b-2143-424b-ab92-6c36f4fa4b04","vertical":"bebedouros","kind":"bica","name":"Bica 11 no Cemitério dos Olivais","address":"Rua 12 do Cemitério dos Olivais","source":"lisboa_aberta","source_ref":"3396","accessible":null}},{"type":"Feature","id":"51539470-23d9-4957-886e-271e477daf32","geometry":{"type":"Point","coordinates":[-9.186237,38.773805]},"properties":{"id":"51539470-23d9-4957-886e-271e477daf32","vertical":"bebedouros","kind":"bica","name":"Bica 12 Cemitério de Carnide","address":"Rua do Rio Zêzere(antiga Rua 7A do Bairro Padre Cruz)","source":"lisboa_aberta","source_ref":"1130","accessible":null}},{"type":"Feature","id":"4dc64a1f-4431-4b82-ac95-1d2f0351a98f","geometry":{"type":"Point","coordinates":[-9.200912,38.757942]},"properties":{"id":"4dc64a1f-4431-4b82-ac95-1d2f0351a98f","vertical":"bebedouros","kind":"bica","name":"Bica 12 no Cemitério de Benfica","address":"Rua 7 do Cemitério de Benfica","source":"lisboa_aberta","source_ref":"841","accessible":null}},{"type":"Feature","id":"ff425cff-0765-4238-b189-2ea62ec2bf21","geometry":{"type":"Point","coordinates":[-9.108554,38.763914]},"properties":{"id":"ff425cff-0765-4238-b189-2ea62ec2bf21","vertical":"bebedouros","kind":"bica","name":"Bica 12 no Cemitério dos Olivais","address":"Rua 12 do Cemitério dos Olivais","source":"lisboa_aberta","source_ref":"3397","accessible":null}},{"type":"Feature","id":"26707bae-65a4-4f20-8dab-5d5e1e6aebd5","geometry":{"type":"Point","coordinates":[-9.187825,38.773051]},"properties":{"id":"26707bae-65a4-4f20-8dab-5d5e1e6aebd5","vertical":"bebedouros","kind":"bica","name":"Bica 13 Cemitério de Carnide","address":"Rua do Rio Zêzere(antiga Rua 7A do Bairro Padre Cruz)","source":"lisboa_aberta","source_ref":"1131","accessible":null}},{"type":"Feature","id":"58b0d2cb-17ac-498e-aa73-44b559e10c50","geometry":{"type":"Point","coordinates":[-9.200536,38.757838]},"properties":{"id":"58b0d2cb-17ac-498e-aa73-44b559e10c50","vertical":"bebedouros","kind":"bica","name":"Bica 13 no Cemitério de Benfica","address":"Rua 2 do Cemitério de Benfica","source":"lisboa_aberta","source_ref":"842","accessible":null}},{"type":"Feature","id":"53124d39-f736-433a-b7df-343a03ee13c3","geometry":{"type":"Point","coordinates":[-9.108621,38.763959]},"properties":{"id":"53124d39-f736-433a-b7df-343a03ee13c3","vertical":"bebedouros","kind":"bica","name":"Bica 13 no Cemitério dos Olivais","address":"Rua 12 do Cemitério dos Olivais","source":"lisboa_aberta","source_ref":"3398","accessible":null}},{"type":"Feature","id":"ff12fb31-26da-4dbc-a38d-49d024dae7dd","geometry":{"type":"Point","coordinates":[-9.187544,38.773555]},"properties":{"id":"ff12fb31-26da-4dbc-a38d-49d024dae7dd","vertical":"bebedouros","kind":"bica","name":"Bica 14 Cemitério de Carnide","address":"Rua do Rio Zêzere(antiga Rua 7A do Bairro Padre Cruz)","source":"lisboa_aberta","source_ref":"1132","accessible":null}},{"type":"Feature","id":"bcba1d6e-ef47-4f16-b018-c06ac6cd7338","geometry":{"type":"Point","coordinates":[-9.200495,38.757601]},"properties":{"id":"bcba1d6e-ef47-4f16-b018-c06ac6cd7338","vertical":"bebedouros","kind":"bica","name":"Bica 14 no Cemitério de Benfica","address":"Rua 2 do Cemitério de Benfica","source":"lisboa_aberta","source_ref":"843","accessible":null}},{"type":"Feature","id":"7f1237b1-c5c4-4166-8b13-91b81fd3a513","geometry":{"type":"Point","coordinates":[-9.108752,38.764297]},"properties":{"id":"7f1237b1-c5c4-4166-8b13-91b81fd3a513","vertical":"bebedouros","kind":"bica","name":"Bica 14 no Cemitério dos Olivais","address":"Rua 12 do Cemitério dos Olivais","source":"lisboa_aberta","source_ref":"33100","accessible":null}},{"type":"Feature","id":"d603faf2-e434-41a5-a124-75c3dc8524c8","geometry":{"type":"Point","coordinates":[-9.187182,38.774071]},"properties":{"id":"d603faf2-e434-41a5-a124-75c3dc8524c8","vertical":"bebedouros","kind":"bica","name":"Bica 15 Cemitério de Carnide","address":"Rua do Rio Zêzere(antiga Rua 7A do Bairro Padre Cruz)","source":"lisboa_aberta","source_ref":"1133","accessible":null}},{"type":"Feature","id":"c6b66c51-4d49-4170-8cb4-58be8f9a380c","geometry":{"type":"Point","coordinates":[-9.200355,38.757196]},"properties":{"id":"c6b66c51-4d49-4170-8cb4-58be8f9a380c","vertical":"bebedouros","kind":"bica","name":"Bica 15 no Cemitério de Benfica","address":"Rua 4A do Cemitério de Benfica","source":"lisboa_aberta","source_ref":"844","accessible":null}},{"type":"Feature","id":"ba581934-48bd-4120-aadc-fe0941c0f6af","geometry":{"type":"Point","coordinates":[-9.108842,38.764314]},"properties":{"id":"ba581934-48bd-4120-aadc-fe0941c0f6af","vertical":"bebedouros","kind":"bica","name":"Bica 15 no Cemitério dos Olivais","address":"Rua 21 do Cemitério dos Olivais","source":"lisboa_aberta","source_ref":"33101","accessible":null}},{"type":"Feature","id":"726834e2-a117-4fbd-b4de-1386232eb728","geometry":{"type":"Point","coordinates":[-9.186527,38.774164]},"properties":{"id":"726834e2-a117-4fbd-b4de-1386232eb728","vertical":"bebedouros","kind":"bica","name":"Bica 16 Cemitério de Carnide","address":"Rua do Rio Zêzere(antiga Rua 7A do Bairro Padre Cruz)","source":"lisboa_aberta","source_ref":"1134","accessible":null}},{"type":"Feature","id":"fb57b337-edb8-4509-b2e1-b1552656bca1","geometry":{"type":"Point","coordinates":[-9.199946,38.75705]},"properties":{"id":"fb57b337-edb8-4509-b2e1-b1552656bca1","vertical":"bebedouros","kind":"bica","name":"Bica 16 no Cemitério de Benfica","address":"Rua 10 do Cemitério de Benfica","source":"lisboa_aberta","source_ref":"845","accessible":null}},{"type":"Feature","id":"4a6d4ec3-8360-470b-9964-de18b76ca624","geometry":{"type":"Point","coordinates":[-9.108692,38.764438]},"properties":{"id":"4a6d4ec3-8360-470b-9964-de18b76ca624","vertical":"bebedouros","kind":"bica","name":"Bica 16 no Cemitério dos Olivais","address":"Rua 12 do Cemitério dos Olivais","source":"lisboa_aberta","source_ref":"33102","accessible":null}},{"type":"Feature","id":"aa37ac06-f058-445e-92f5-4a486322f67d","geometry":{"type":"Point","coordinates":[-9.185994,38.774415]},"properties":{"id":"aa37ac06-f058-445e-92f5-4a486322f67d","vertical":"bebedouros","kind":"bica","name":"Bica 17 Cemitério de Carnide","address":"Rua do Rio Zêzere(antiga Rua 7A do Bairro Padre Cruz)","source":"lisboa_aberta","source_ref":"1135","accessible":null}},{"type":"Feature","id":"2a2cf6bb-8d65-4acc-b78a-eddce7941ba7","geometry":{"type":"Point","coordinates":[-9.199892,38.756814]},"properties":{"id":"2a2cf6bb-8d65-4acc-b78a-eddce7941ba7","vertical":"bebedouros","kind":"bica","name":"Bica 17 no Cemitério de Benfica","address":"Rua 10 do Cemitério de Benfica","source":"lisboa_aberta","source_ref":"846","accessible":null}},{"type":"Feature","id":"aae9e8c7-387f-4a7f-9a0c-fa6cd6128e0a","geometry":{"type":"Point","coordinates":[-9.108293,38.764456]},"properties":{"id":"aae9e8c7-387f-4a7f-9a0c-fa6cd6128e0a","vertical":"bebedouros","kind":"bica","name":"Bica 17 no Cemitério dos Olivais","address":"Rua 13A do Cemitério dos Olivais","source":"lisboa_aberta","source_ref":"33103","accessible":null}},{"type":"Feature","id":"09f28147-52e1-46ec-93bb-fcced85557b8","geometry":{"type":"Point","coordinates":[-9.185416,38.774924]},"properties":{"id":"09f28147-52e1-46ec-93bb-fcced85557b8","vertical":"bebedouros","kind":"bica","name":"Bica 18 Cemitério de Carnide","address":"Rua do Rio Zêzere(antiga Rua 7A do Bairro Padre Cruz)","source":"lisboa_aberta","source_ref":"1136","accessible":null}},{"type":"Feature","id":"3b3f049e-27f4-4f2f-a04d-fd2bcbb31cf4","geometry":{"type":"Point","coordinates":[-9.199489,38.757369]},"properties":{"id":"3b3f049e-27f4-4f2f-a04d-fd2bcbb31cf4","vertical":"bebedouros","kind":"bica","name":"Bica 18 no Cemitério de Benfica","address":"Rua 12 do Cemitério de Benfica","source":"lisboa_aberta","source_ref":"847","accessible":null}},{"type":"Feature","id":"8a2335e7-3c6b-490e-ae04-b40790b68519","geometry":{"type":"Point","coordinates":[-9.107967,38.764487]},"properties":{"id":"8a2335e7-3c6b-490e-ae04-b40790b68519","vertical":"bebedouros","kind":"bica","name":"Bica 18 no Cemitério dos Olivais","address":"Rua 13 do Cemitério dos Olivais","source":"lisboa_aberta","source_ref":"33104","accessible":null}},{"type":"Feature","id":"c3a3179d-f474-42f2-b412-edc63552aecb","geometry":{"type":"Point","coordinates":[-9.18817,38.773396]},"properties":{"id":"c3a3179d-f474-42f2-b412-edc63552aecb","vertical":"bebedouros","kind":"bica","name":"Bica 19 Cemitério de Carnide","address":"Rua do Rio Zêzere(antiga Rua 7A do Bairro Padre Cruz)","source":"lisboa_aberta","source_ref":"1137","accessible":null}},{"type":"Feature","id":"186f2f4b-665f-484e-9aed-61bb337b14a6","geometry":{"type":"Point","coordinates":[-9.19918,38.757425]},"properties":{"id":"186f2f4b-665f-484e-9aed-61bb337b14a6","vertical":"bebedouros","kind":"bica","name":"Bica 19 no Cemitério de Benfica","address":"Rua 4 do Cemitério de Benfica","source":"lisboa_aberta","source_ref":"848","accessible":null}},{"type":"Feature","id":"91996d66-71c7-4a2f-a411-8528570eda28","geometry":{"type":"Point","coordinates":[-9.107965,38.764748]},"properties":{"id":"91996d66-71c7-4a2f-a411-8528570eda28","vertical":"bebedouros","kind":"bica","name":"Bica 19 no Cemitério dos Olivais","address":"Rua 13 do Cemitério dos Olivais","source":"lisboa_aberta","source_ref":"33106","accessible":null}},{"type":"Feature","id":"1d016d16-6311-415f-b395-a61cfc36ca6a","geometry":{"type":"Point","coordinates":[-9.18527,38.774441]},"properties":{"id":"1d016d16-6311-415f-b395-a61cfc36ca6a","vertical":"bebedouros","kind":"bica","name":"Bica 2 Cemitério de Carnide","address":"Rua do Rio Zêzere(antiga Rua 7A do Bairro Padre Cruz)","source":"lisboa_aberta","source_ref":"1120","accessible":null}},{"type":"Feature","id":"7ae3948f-83d4-4537-873d-092098a72efa","geometry":{"type":"Point","coordinates":[-9.202867,38.756932]},"properties":{"id":"7ae3948f-83d4-4537-873d-092098a72efa","vertical":"bebedouros","kind":"bica","name":"Bica 2 no Cemitério de Benfica","address":"Rua João Ortigão Ramos","source":"lisboa_aberta","source_ref":"831","accessible":null}},{"type":"Feature","id":"04f0d2ad-bd29-48a2-a871-dadeae89e871","geometry":{"type":"Point","coordinates":[-9.168178,38.772389]},"properties":{"id":"04f0d2ad-bd29-48a2-a871-dadeae89e871","vertical":"bebedouros","kind":"bica","name":"Bica 2 no Cemitério do Lumiar","address":"Rua 20 do Cemitério do Lumiar","source":"lisboa_aberta","source_ref":"1895","accessible":null}},{"type":"Feature","id":"33ea6692-325d-4e77-8044-9f77912e6312","geometry":{"type":"Point","coordinates":[-9.108943,38.763655]},"properties":{"id":"33ea6692-325d-4e77-8044-9f77912e6312","vertical":"bebedouros","kind":"bica","name":"Bica 2 no Cemitério dos Olivais","address":"Rua 14 do Cemitério dos Olivais","source":"lisboa_aberta","source_ref":"3387","accessible":null}},{"type":"Feature","id":"ecd17bbb-7c11-4d33-af22-1519c841221f","geometry":{"type":"Point","coordinates":[-9.187994,38.773658]},"properties":{"id":"ecd17bbb-7c11-4d33-af22-1519c841221f","vertical":"bebedouros","kind":"bica","name":"Bica 20 Cemitério de Carnide","address":"Rua do Rio Zêzere(antiga Rua 7A do Bairro Padre Cruz)","source":"lisboa_aberta","source_ref":"1138","accessible":null}},{"type":"Feature","id":"4c4b7c40-9041-4286-b1ae-30093fc96a41","geometry":{"type":"Point","coordinates":[-9.198663,38.757072]},"properties":{"id":"4c4b7c40-9041-4286-b1ae-30093fc96a41","vertical":"bebedouros","kind":"bica","name":"Bica 20 no Cemitério de Benfica","address":"Rua 32 do Cemitério de Benfica","source":"lisboa_aberta","source_ref":"849","accessible":null}},{"type":"Feature","id":"80f6ccd0-3dc2-4b6d-9f8c-e45877312bbc","geometry":{"type":"Point","coordinates":[-9.107935,38.764737]},"properties":{"id":"80f6ccd0-3dc2-4b6d-9f8c-e45877312bbc","vertical":"bebedouros","kind":"bica","name":"Bica 20 no Cemitério dos Olivais","address":"Rua 13 do Cemitério dos Olivais","source":"lisboa_aberta","source_ref":"33107","accessible":null}},{"type":"Feature","id":"485e9e44-e94e-46f4-81c1-af74ea7d38e5","geometry":{"type":"Point","coordinates":[-9.187877,38.773935]},"properties":{"id":"485e9e44-e94e-46f4-81c1-af74ea7d38e5","vertical":"bebedouros","kind":"bica","name":"Bica 21 Cemitério de Carnide","address":"Rua do Rio Zêzere(antiga Rua 7A do Bairro Padre Cruz)","source":"lisboa_aberta","source_ref":"1139","accessible":null}},{"type":"Feature","id":"9e267f39-7c54-4f76-af46-0e36ab584869","geometry":{"type":"Point","coordinates":[-9.198629,38.757522]},"properties":{"id":"9e267f39-7c54-4f76-af46-0e36ab584869","vertical":"bebedouros","kind":"bica","name":"Bica 21 no Cemitério de Benfica","address":"Rua 4 do Cemitério de Benfica","source":"lisboa_aberta","source_ref":"850","accessible":null}},{"type":"Feature","id":"0c2cd39d-4c27-4de7-8c4d-2c3fd687ce1e","geometry":{"type":"Point","coordinates":[-9.10741,38.7641]},"properties":{"id":"0c2cd39d-4c27-4de7-8c4d-2c3fd687ce1e","vertical":"bebedouros","kind":"bica","name":"Bica 21 no Cemitério dos Olivais","address":"Rua 2 do Cemitério dos Olivais","source":"lisboa_aberta","source_ref":"33108","accessible":null}},{"type":"Feature","id":"1368b36b-667c-4923-98ef-27647a5d115f","geometry":{"type":"Point","coordinates":[-9.186803,38.774525]},"properties":{"id":"1368b36b-667c-4923-98ef-27647a5d115f","vertical":"bebedouros","kind":"bica","name":"Bica 22 Cemitério de Carnide","address":"Rua do Rio Zêzere(antiga Rua 7A do Bairro Padre Cruz)","source":"lisboa_aberta","source_ref":"1140","accessible":null}},{"type":"Feature","id":"b13cfbf0-e1bf-46c1-9acd-2a948adbde80","geometry":{"type":"Point","coordinates":[-9.198161,38.757356]},"properties":{"id":"b13cfbf0-e1bf-46c1-9acd-2a948adbde80","vertical":"bebedouros","kind":"bica","name":"Bica 22 no Cemitério de Benfica","address":"Rua 16 do Cemitério de Benfica","source":"lisboa_aberta","source_ref":"851","accessible":null}},{"type":"Feature","id":"8d8d906e-9c5f-4952-92aa-b281a3e0a697","geometry":{"type":"Point","coordinates":[-9.107282,38.76448]},"properties":{"id":"8d8d906e-9c5f-4952-92aa-b281a3e0a697","vertical":"bebedouros","kind":"bica","name":"Bica 22 no Cemitério dos Olivais","address":"Rua 3 do Cemitério dos Olivais","source":"lisboa_aberta","source_ref":"33109","accessible":null}},{"type":"Feature","id":"9a5965fa-e694-46d5-a0bc-41bdff0d5c51","geometry":{"type":"Point","coordinates":[-9.186467,38.7746]},"properties":{"id":"9a5965fa-e694-46d5-a0bc-41bdff0d5c51","vertical":"bebedouros","kind":"bica","name":"Bica 23 Cemitério de Carnide","address":"Rua do Rio Zêzere(antiga Rua 7A do Bairro Padre Cruz)","source":"lisboa_aberta","source_ref":"1141","accessible":null}},{"type":"Feature","id":"a2567ee1-e2f8-49ba-ac8b-5d29fa8fa47e","geometry":{"type":"Point","coordinates":[-9.198127,38.757566]},"properties":{"id":"a2567ee1-e2f8-49ba-ac8b-5d29fa8fa47e","vertical":"bebedouros","kind":"bica","name":"Bica 23 no Cemitério de Benfica","address":"Rua 16 do Cemitério de Benfica","source":"lisboa_aberta","source_ref":"852","accessible":null}},{"type":"Feature","id":"a8e2c0f4-b631-4d87-a79f-acb725c47a23","geometry":{"type":"Point","coordinates":[-9.107019,38.764827]},"properties":{"id":"a8e2c0f4-b631-4d87-a79f-acb725c47a23","vertical":"bebedouros","kind":"bica","name":"Bica 23 no Cemitério dos Olivais","address":"Rua 5 do Cemitério dos Olivais","source":"lisboa_aberta","source_ref":"33110","accessible":null}},{"type":"Feature","id":"94e8344e-36e0-465d-a5a4-128f9fdd38e0","geometry":{"type":"Point","coordinates":[-9.186183,38.774837]},"properties":{"id":"94e8344e-36e0-465d-a5a4-128f9fdd38e0","vertical":"bebedouros","kind":"bica","name":"Bica 24 Cemitério de Carnide","address":"Rua do Rio Zêzere(antiga Rua 7A do Bairro Padre Cruz)","source":"lisboa_aberta","source_ref":"1142","accessible":null}},{"type":"Feature","id":"e5893fc8-6ebb-4c3e-88fc-d1bb2e3b886b","geometry":{"type":"Point","coordinates":[-9.198347,38.758161]},"properties":{"id":"e5893fc8-6ebb-4c3e-88fc-d1bb2e3b886b","vertical":"bebedouros","kind":"bica","name":"Bica 24 no Cemitério de Benfica","address":"Rua 16 do Cemitério de Benfica","source":"lisboa_aberta","source_ref":"853","accessible":null}},{"type":"Feature","id":"7f41839e-523c-4adc-9844-1bb573c23fdd","geometry":{"type":"Point","coordinates":[-9.107232,38.76495]},"properties":{"id":"7f41839e-523c-4adc-9844-1bb573c23fdd","vertical":"bebedouros","kind":"bica","name":"Bica 24 no Cemitério dos Olivais","address":"Rua 5 do Cemitério dos Olivais","source":"lisboa_aberta","source_ref":"33111","accessible":null}},{"type":"Feature","id":"71f9c7b4-4ad4-42aa-b6a7-31915138c872","geometry":{"type":"Point","coordinates":[-9.185854,38.775021]},"properties":{"id":"71f9c7b4-4ad4-42aa-b6a7-31915138c872","vertical":"bebedouros","kind":"bica","name":"Bica 25 Cemitério de Carnide","address":"Rua do Rio Zêzere(antiga Rua 7A do Bairro Padre Cruz)","source":"lisboa_aberta","source_ref":"1143","accessible":null}},{"type":"Feature","id":"25ec422a-8800-4044-8188-7f07187eedd4","geometry":{"type":"Point","coordinates":[-9.198013,38.75798]},"properties":{"id":"25ec422a-8800-4044-8188-7f07187eedd4","vertical":"bebedouros","kind":"bica","name":"Bica 25 no Cemitério de Benfica","address":"Rua 17 do Cemitério de Benfica","source":"lisboa_aberta","source_ref":"854","accessible":null}},{"type":"Feature","id":"a5569426-2ee0-4184-92c0-e92c06e1dd80","geometry":{"type":"Point","coordinates":[-9.106597,38.765012]},"properties":{"id":"a5569426-2ee0-4184-92c0-e92c06e1dd80","vertical":"bebedouros","kind":"bica","name":"Bica 25 no Cemitério dos Olivais","address":"Rua 7 do Cemitério dos Olivais","source":"lisboa_aberta","source_ref":"33112","accessible":null}},{"type":"Feature","id":"04d89ca9-e554-4935-8bd2-c34c15e8c71f","geometry":{"type":"Point","coordinates":[-9.187106,38.77472]},"properties":{"id":"04d89ca9-e554-4935-8bd2-c34c15e8c71f","vertical":"bebedouros","kind":"bica","name":"Bica 26 Cemitério de Carnide","address":"Rua do Rio Zêzere(antiga Rua 7A do Bairro Padre Cruz)","source":"lisboa_aberta","source_ref":"1144","accessible":null}},{"type":"Feature","id":"eceeb41c-6aad-4fef-8a91-da76fd73ec61","geometry":{"type":"Point","coordinates":[-9.197698,38.757914]},"properties":{"id":"eceeb41c-6aad-4fef-8a91-da76fd73ec61","vertical":"bebedouros","kind":"bica","name":"Bica 26 no Cemitério de Benfica","address":"Rua 18 do Cemitério de Benfica","source":"lisboa_aberta","source_ref":"855","accessible":null}},{"type":"Feature","id":"55218a6d-99c6-43e9-9eb9-805f69b3b80c","geometry":{"type":"Point","coordinates":[-9.106706,38.765449]},"properties":{"id":"55218a6d-99c6-43e9-9eb9-805f69b3b80c","vertical":"bebedouros","kind":"bica","name":"Bica 26 no Cemitério dos Olivais","address":"Rua 7 do Cemitério dos Olivais","source":"lisboa_aberta","source_ref":"33113","accessible":null}},{"type":"Feature","id":"b70877ea-1912-4de4-9657-c678687afcde","geometry":{"type":"Point","coordinates":[-9.186635,38.774771]},"properties":{"id":"b70877ea-1912-4de4-9657-c678687afcde","vertical":"bebedouros","kind":"bica","name":"Bica 27 Cemitério de Carnide","address":"Rua do Rio Zêzere(antiga Rua 7A do Bairro Padre Cruz)","source":"lisboa_aberta","source_ref":"1145","accessible":null}},{"type":"Feature","id":"45860221-b85c-4d9d-9266-5c2230b9e62d","geometry":{"type":"Point","coordinates":[-9.197407,38.757605]},"properties":{"id":"45860221-b85c-4d9d-9266-5c2230b9e62d","vertical":"bebedouros","kind":"bica","name":"Bica 27 no Cemitério de Benfica","address":"Rua 33 do Cemitério de Benfica","source":"lisboa_aberta","source_ref":"856","accessible":null}},{"type":"Feature","id":"4f4050cf-be24-43f4-a604-30886349fc31","geometry":{"type":"Point","coordinates":[-9.106297,38.765593]},"properties":{"id":"4f4050cf-be24-43f4-a604-30886349fc31","vertical":"bebedouros","kind":"bica","name":"Bica 27 no Cemitério dos Olivais","address":"Rua 6 do Cemitério dos Olivais","source":"lisboa_aberta","source_ref":"33114","accessible":null}},{"type":"Feature","id":"53ef4c78-fd78-4251-8e36-fb6bd3ad2e42","geometry":{"type":"Point","coordinates":[-9.186532,38.774774]},"properties":{"id":"53ef4c78-fd78-4251-8e36-fb6bd3ad2e42","vertical":"bebedouros","kind":"bica","name":"Bica 28 Cemitério de Carnide","address":"Rua do Rio Zêzere(antiga Rua 7A do Bairro Padre Cruz)","source":"lisboa_aberta","source_ref":"1146","accessible":null}},{"type":"Feature","id":"4eb7cfa7-677b-4289-aaf5-c4e95cafcc34","geometry":{"type":"Point","coordinates":[-9.197233,38.757593]},"properties":{"id":"4eb7cfa7-677b-4289-aaf5-c4e95cafcc34","vertical":"bebedouros","kind":"bica","name":"Bica 28 no Cemitério de Benfica","address":"Rua 33 do Cemitério de Benfica","source":"lisboa_aberta","source_ref":"857","accessible":null}},{"type":"Feature","id":"367708ea-5085-42f9-bc92-1cb750ddd11d","geometry":{"type":"Point","coordinates":[-9.106466,38.765775]},"properties":{"id":"367708ea-5085-42f9-bc92-1cb750ddd11d","vertical":"bebedouros","kind":"bica","name":"Bica 28 no Cemitério dos Olivais","address":"Rua 9 do Cemitério dos Olivais","source":"lisboa_aberta","source_ref":"33115","accessible":null}},{"type":"Feature","id":"c8b167dc-c673-4ae5-ab31-15782985156f","geometry":{"type":"Point","coordinates":[-9.186347,38.775028]},"properties":{"id":"c8b167dc-c673-4ae5-ab31-15782985156f","vertical":"bebedouros","kind":"bica","name":"Bica 29 Cemitério de Carnide","address":"Rua do Rio Zêzere(antiga Rua 7A do Bairro Padre Cruz)","source":"lisboa_aberta","source_ref":"1147","accessible":null}},{"type":"Feature","id":"96f2fabf-cba0-46ad-93b0-e2e29daa5e42","geometry":{"type":"Point","coordinates":[-9.196427,38.75721]},"properties":{"id":"96f2fabf-cba0-46ad-93b0-e2e29daa5e42","vertical":"bebedouros","kind":"bica","name":"Bica 29 no Cemitério de Benfica","address":"Rua 23 do Cemitério de Benfica","source":"lisboa_aberta","source_ref":"858","accessible":null}},{"type":"Feature","id":"386628b2-0024-4cb7-8c9a-20470223d606","geometry":{"type":"Point","coordinates":[-9.106596,38.765833]},"properties":{"id":"386628b2-0024-4cb7-8c9a-20470223d606","vertical":"bebedouros","kind":"bica","name":"Bica 29 no Cemitério dos Olivais","address":"Rua 9 do Cemitério dos Olivais","source":"lisboa_aberta","source_ref":"33116","accessible":null}},{"type":"Feature","id":"33160d9b-7555-47c5-a067-d53c8fc24b3a","geometry":{"type":"Point","coordinates":[-9.187092,38.772497]},"properties":{"id":"33160d9b-7555-47c5-a067-d53c8fc24b3a","vertical":"bebedouros","kind":"bica","name":"Bica 3 Cemitério de Carnide","address":"Rua do Rio Zêzere(antiga Rua 7A do Bairro Padre Cruz)","source":"lisboa_aberta","source_ref":"1121","accessible":null}},{"type":"Feature","id":"3655f1a9-8822-4423-b1fb-4d48b8de0f49","geometry":{"type":"Point","coordinates":[-9.20328,38.756949]},"properties":{"id":"3655f1a9-8822-4423-b1fb-4d48b8de0f49","vertical":"bebedouros","kind":"bica","name":"Bica 3 no Cemitério de Benfica","address":"Rua 30 do Cemitério de Benfica","source":"lisboa_aberta","source_ref":"832","accessible":null}},{"type":"Feature","id":"8ee4cbd4-1934-4ea6-9342-7bc29f380006","geometry":{"type":"Point","coordinates":[-9.167865,38.771837]},"properties":{"id":"8ee4cbd4-1934-4ea6-9342-7bc29f380006","vertical":"bebedouros","kind":"bica","name":"Bica 3 no Cemitério do Lumiar","address":"Rua 16 do Cemitério do Lumiar","source":"lisboa_aberta","source_ref":"1896","accessible":null}},{"type":"Feature","id":"9bfd275d-8b2b-4b9a-bb09-ea39a9b2eeb3","geometry":{"type":"Point","coordinates":[-9.108945,38.763674]},"properties":{"id":"9bfd275d-8b2b-4b9a-bb09-ea39a9b2eeb3","vertical":"bebedouros","kind":"bica","name":"Bica 3 no Cemitério dos Olivais","address":"Rua 14 do Cemitério dos Olivais","source":"lisboa_aberta","source_ref":"3388","accessible":null}},{"type":"Feature","id":"0e41f492-99df-4251-83fb-5f00c093c295","geometry":{"type":"Point","coordinates":[-9.186105,38.775199]},"properties":{"id":"0e41f492-99df-4251-83fb-5f00c093c295","vertical":"bebedouros","kind":"bica","name":"Bica 30 Cemitério de Carnide","address":"Rua do Rio Zêzere(antiga Rua 7A do Bairro Padre Cruz)","source":"lisboa_aberta","source_ref":"1148","accessible":null}},{"type":"Feature","id":"933e4494-a3f8-4192-b746-b57e514f03c9","geometry":{"type":"Point","coordinates":[-9.196293,38.757508]},"properties":{"id":"933e4494-a3f8-4192-b746-b57e514f03c9","vertical":"bebedouros","kind":"bica","name":"Bica 30 no Cemitério de Benfica","address":"Rua 35 do Cemitério de Benfica","source":"lisboa_aberta","source_ref":"859","accessible":null}},{"type":"Feature","id":"54bc944a-0500-42f0-92cf-4bb508bea49d","geometry":{"type":"Point","coordinates":[-9.196124,38.75782]},"properties":{"id":"54bc944a-0500-42f0-92cf-4bb508bea49d","vertical":"bebedouros","kind":"bica","name":"Bica 31 no Cemitério de Benfica","address":"Rua 36 do Cemitério de Benfica","source":"lisboa_aberta","source_ref":"860","accessible":null}},{"type":"Feature","id":"6ee6ca59-7f23-4bf6-ad3d-a1f312af539c","geometry":{"type":"Point","coordinates":[-9.196156,38.758328]},"properties":{"id":"6ee6ca59-7f23-4bf6-ad3d-a1f312af539c","vertical":"bebedouros","kind":"bica","name":"Bica 32 no Cemitério de Benfica","address":"Rua 21 do Cemitério de Benfica","source":"lisboa_aberta","source_ref":"861","accessible":null}},{"type":"Feature","id":"8df90d44-6b23-4def-8138-8a7bc97471c3","geometry":{"type":"Point","coordinates":[-9.196865,38.758501]},"properties":{"id":"8df90d44-6b23-4def-8138-8a7bc97471c3","vertical":"bebedouros","kind":"bica","name":"Bica 33 no Cemitério de Benfica","address":"Rua 20 do Cemitério de Benfica","source":"lisboa_aberta","source_ref":"862","accessible":null}},{"type":"Feature","id":"4948f099-8f82-4255-9bec-da692d9414f8","geometry":{"type":"Point","coordinates":[-9.197396,38.758185]},"properties":{"id":"4948f099-8f82-4255-9bec-da692d9414f8","vertical":"bebedouros","kind":"bica","name":"Bica 34 no Cemitério de Benfica","address":"Rua 19 do Cemitério de Benfica","source":"lisboa_aberta","source_ref":"863","accessible":null}},{"type":"Feature","id":"49e9f4ab-0e45-41d3-b4ad-a3af9da8404e","geometry":{"type":"Point","coordinates":[-9.197636,38.758605]},"properties":{"id":"49e9f4ab-0e45-41d3-b4ad-a3af9da8404e","vertical":"bebedouros","kind":"bica","name":"Bica 35 no Cemitério de Benfica","address":"Rua 19 do Cemitério de Benfica","source":"lisboa_aberta","source_ref":"864","accessible":null}},{"type":"Feature","id":"24a1b668-c3c1-4980-a07b-11d1414f51c8","geometry":{"type":"Point","coordinates":[-9.197999,38.758566]},"properties":{"id":"24a1b668-c3c1-4980-a07b-11d1414f51c8","vertical":"bebedouros","kind":"bica","name":"Bica 36 no Cemitério de Benfica","address":"Rua 18 do Cemitério de Benfica","source":"lisboa_aberta","source_ref":"865","accessible":null}},{"type":"Feature","id":"be6bb2d8-55d8-424e-800e-391149f2d2d2","geometry":{"type":"Point","coordinates":[-9.198283,38.758508]},"properties":{"id":"be6bb2d8-55d8-424e-800e-391149f2d2d2","vertical":"bebedouros","kind":"bica","name":"Bica 37 no Cemitério de Benfica","address":"Rua 17 do Cemitério de Benfica","source":"lisboa_aberta","source_ref":"866","accessible":null}},{"type":"Feature","id":"7e44fff9-5324-4943-9d1b-15454a59af9c","geometry":{"type":"Point","coordinates":[-9.198647,38.758686]},"properties":{"id":"7e44fff9-5324-4943-9d1b-15454a59af9c","vertical":"bebedouros","kind":"bica","name":"Bica 38 no Cemitério de Benfica","address":"Rua 15 do Cemitério de Benfica","source":"lisboa_aberta","source_ref":"867","accessible":null}},{"type":"Feature","id":"e573a61d-24e2-4749-8bfe-473d06b8089f","geometry":{"type":"Point","coordinates":[-9.199601,38.758141]},"properties":{"id":"e573a61d-24e2-4749-8bfe-473d06b8089f","vertical":"bebedouros","kind":"bica","name":"Bica 39 no Cemitério de Benfica","address":"Rua 7 do Cemitério de Benfica","source":"lisboa_aberta","source_ref":"868","accessible":null}},{"type":"Feature","id":"91456e5b-720a-4a0d-bfa5-2cd7be461714","geometry":{"type":"Point","coordinates":[-9.186976,38.772734]},"properties":{"id":"91456e5b-720a-4a0d-bfa5-2cd7be461714","vertical":"bebedouros","kind":"bica","name":"Bica 4 Cemitério de Carnide","address":"Rua do Rio Zêzere(antiga Rua 7A do Bairro Padre Cruz)","source":"lisboa_aberta","source_ref":"1122","accessible":null}},{"type":"Feature","id":"72a9752a-afff-4900-862d-b66406b17226","geometry":{"type":"Point","coordinates":[-9.203355,38.757201]},"properties":{"id":"72a9752a-afff-4900-862d-b66406b17226","vertical":"bebedouros","kind":"bica","name":"Bica 4 no Cemitério de Benfica","address":"Rua 30 do Cemitério de Benfica","source":"lisboa_aberta","source_ref":"833","accessible":null}},{"type":"Feature","id":"86738ebb-5ce6-4672-9623-4a5330cea907","geometry":{"type":"Point","coordinates":[-9.165797,38.772723]},"properties":{"id":"86738ebb-5ce6-4672-9623-4a5330cea907","vertical":"bebedouros","kind":"bica","name":"Bica 4 no Cemitério do Lumiar","address":"Rua 4 do Cemitério do Lumiar","source":"lisboa_aberta","source_ref":"1897","accessible":null}},{"type":"Feature","id":"bb8b5778-a812-4c6c-88f7-ea341d2372ee","geometry":{"type":"Point","coordinates":[-9.109101,38.764589]},"properties":{"id":"bb8b5778-a812-4c6c-88f7-ea341d2372ee","vertical":"bebedouros","kind":"bica","name":"Bica 4 no Cemitério dos Olivais","address":"Rua 14 do Cemitério dos Olivais","source":"lisboa_aberta","source_ref":"3389","accessible":null}},{"type":"Feature","id":"34059509-dd20-4f71-9498-f62587291db1","geometry":{"type":"Point","coordinates":[-9.199469,38.757743]},"properties":{"id":"34059509-dd20-4f71-9498-f62587291db1","vertical":"bebedouros","kind":"bica","name":"Bica 40 no Cemitério de Benfica","address":"Rua 3 do Cemitério de Benfica","source":"lisboa_aberta","source_ref":"869","accessible":null}},{"type":"Feature","id":"b766f910-e9a0-4126-932c-8b3f076400a8","geometry":{"type":"Point","coordinates":[-9.18663,38.773269]},"properties":{"id":"b766f910-e9a0-4126-932c-8b3f076400a8","vertical":"bebedouros","kind":"bica","name":"Bica 5 Cemitério de Carnide","address":"Rua do Rio Zêzere(antiga Rua 7A do Bairro Padre Cruz)","source":"lisboa_aberta","source_ref":"1123","accessible":null}},{"type":"Feature","id":"9f288946-c1e1-42ae-bd4b-3f1b67037b7b","geometry":{"type":"Point","coordinates":[-9.203124,38.757407]},"properties":{"id":"9f288946-c1e1-42ae-bd4b-3f1b67037b7b","vertical":"bebedouros","kind":"bica","name":"Bica 5 no Cemitério de Benfica","address":"Rua 30 do Cemitério de Benfica","source":"lisboa_aberta","source_ref":"834","accessible":null}},{"type":"Feature","id":"813082a5-5832-4219-b0bd-4a28358ef114","geometry":{"type":"Point","coordinates":[-9.166354,38.774182]},"properties":{"id":"813082a5-5832-4219-b0bd-4a28358ef114","vertical":"bebedouros","kind":"bica","name":"Bica 5 no Cemitério do Lumiar","address":"Rua 10 do Cemitério do Lumiar","source":"lisboa_aberta","source_ref":"1898","accessible":null}},{"type":"Feature","id":"feeaf351-2336-4a1e-af51-a5c9c9a4447a","geometry":{"type":"Point","coordinates":[-9.108434,38.764864]},"properties":{"id":"feeaf351-2336-4a1e-af51-a5c9c9a4447a","vertical":"bebedouros","kind":"bica","name":"Bica 5 no Cemitério dos Olivais","address":"Rua 14 do Cemitério dos Olivais","source":"lisboa_aberta","source_ref":"3390","accessible":null}},{"type":"Feature","id":"a24f8a16-018d-43a0-bac7-37bcb57415bd","geometry":{"type":"Point","coordinates":[-9.186082,38.773344]},"properties":{"id":"a24f8a16-018d-43a0-bac7-37bcb57415bd","vertical":"bebedouros","kind":"bica","name":"Bica 6 Cemitério de Carnide","address":"Rua do Rio Zêzere(antiga Rua 7A do Bairro Padre Cruz)","source":"lisboa_aberta","source_ref":"1124","accessible":null}},{"type":"Feature","id":"dd35f2f5-99e7-4f17-9d62-a350956bbb8d","geometry":{"type":"Point","coordinates":[-9.203104,38.757276]},"properties":{"id":"dd35f2f5-99e7-4f17-9d62-a350956bbb8d","vertical":"bebedouros","kind":"bica","name":"Bica 6 no Cemitério de Benfica","address":"Rua 30 do Cemitério de Benfica","source":"lisboa_aberta","source_ref":"835","accessible":null}},{"type":"Feature","id":"d6b8dcb6-6ea7-4fa5-a5dc-ce38a175e4e3","geometry":{"type":"Point","coordinates":[-9.107952,38.76483]},"properties":{"id":"d6b8dcb6-6ea7-4fa5-a5dc-ce38a175e4e3","vertical":"bebedouros","kind":"bica","name":"Bica 6 no Cemitério dos Olivais","address":"Rua 8 do Cemitério dos Olivais","source":"lisboa_aberta","source_ref":"3391","accessible":null}},{"type":"Feature","id":"8e3a2d84-24cf-411f-9a05-2085e0c17b23","geometry":{"type":"Point","coordinates":[-9.185508,38.773591]},"properties":{"id":"8e3a2d84-24cf-411f-9a05-2085e0c17b23","vertical":"bebedouros","kind":"bica","name":"Bica 7 Cemitério de Carnide","address":"Rua do Rio Zêzere(antiga Rua 7A do Bairro Padre Cruz)","source":"lisboa_aberta","source_ref":"1125","accessible":null}},{"type":"Feature","id":"458e2f8a-9aa7-4c8c-8453-4e7292dc8461","geometry":{"type":"Point","coordinates":[-9.202102,38.757595]},"properties":{"id":"458e2f8a-9aa7-4c8c-8453-4e7292dc8461","vertical":"bebedouros","kind":"bica","name":"Bica 7 no Cemitério de Benfica","address":"Rua 5 do Cemitério de Benfica","source":"lisboa_aberta","source_ref":"836","accessible":null}},{"type":"Feature","id":"b3c8041d-263e-4ae7-8f09-1eb1c8242eab","geometry":{"type":"Point","coordinates":[-9.107903,38.764814]},"properties":{"id":"b3c8041d-263e-4ae7-8f09-1eb1c8242eab","vertical":"bebedouros","kind":"bica","name":"Bica 7 no Cemitério dos Olivais","address":"Rua 8 do Cemitério dos Olivais","source":"lisboa_aberta","source_ref":"3392","accessible":null}},{"type":"Feature","id":"17b87a87-ed73-48bc-bd5d-4a93575ec8ff","geometry":{"type":"Point","coordinates":[-9.184998,38.773913]},"properties":{"id":"17b87a87-ed73-48bc-bd5d-4a93575ec8ff","vertical":"bebedouros","kind":"bica","name":"Bica 8 Cemitério de Carnide","address":"Rua do Rio Zêzere(antiga Rua 7A do Bairro Padre Cruz)","source":"lisboa_aberta","source_ref":"1126","accessible":null}},{"type":"Feature","id":"3d60ea71-428d-426f-9294-3baa76930d50","geometry":{"type":"Point","coordinates":[-9.201981,38.75711]},"properties":{"id":"3d60ea71-428d-426f-9294-3baa76930d50","vertical":"bebedouros","kind":"bica","name":"Bica 8 no Cemitério de Benfica","address":"Rua 4 do Cemitério de Benfica","source":"lisboa_aberta","source_ref":"837","accessible":null}},{"type":"Feature","id":"29d6e2ba-f46c-4fb4-90e9-69508acb73f9","geometry":{"type":"Point","coordinates":[-9.107661,38.764293]},"properties":{"id":"29d6e2ba-f46c-4fb4-90e9-69508acb73f9","vertical":"bebedouros","kind":"bica","name":"Bica 8 no Cemitério dos Olivais","address":"Rua 8 do Cemitério dos Olivais","source":"lisboa_aberta","source_ref":"3393","accessible":null}},{"type":"Feature","id":"3f79922f-70cd-47d4-a9bc-cb3c6e0ebe60","geometry":{"type":"Point","coordinates":[-9.18753,38.772769]},"properties":{"id":"3f79922f-70cd-47d4-a9bc-cb3c6e0ebe60","vertical":"bebedouros","kind":"bica","name":"Bica 9 Cemitério de Carnide","address":"Rua do Rio Zêzere(antiga Rua 7A do Bairro Padre Cruz)","source":"lisboa_aberta","source_ref":"1127","accessible":null}},{"type":"Feature","id":"b18b5c34-7c2f-4a5a-9aeb-ac8012d79a2a","geometry":{"type":"Point","coordinates":[-9.200989,38.757147]},"properties":{"id":"b18b5c34-7c2f-4a5a-9aeb-ac8012d79a2a","vertical":"bebedouros","kind":"bica","name":"Bica 9 no Cemitério de Benfica","address":"Rua 31 do Cemitério de Benfica","source":"lisboa_aberta","source_ref":"838","accessible":null}},{"type":"Feature","id":"a21bc90e-74e6-49ae-90b1-f737befc3ade","geometry":{"type":"Point","coordinates":[-9.107932,38.763838]},"properties":{"id":"a21bc90e-74e6-49ae-90b1-f737befc3ade","vertical":"bebedouros","kind":"bica","name":"Bica 9 no Cemitério dos Olivais","address":"Rua 8 do Cemitério dos Olivais","source":"lisboa_aberta","source_ref":"3394","accessible":null}},{"type":"Feature","id":"d31f7fd9-c31c-4445-8631-553f0ddc38a0","geometry":{"type":"Point","coordinates":[-9.164753,38.760311]},"properties":{"id":"d31f7fd9-c31c-4445-8631-553f0ddc38a0","vertical":"bebedouros","kind":"bica","name":"Bica no Parque Hortícola de Telheiras","address":"Rua Professor Francisco Gentil(antiga Rua 7 da Zona de Telheiras)","source":"lisboa_aberta","source_ref":"1883","accessible":null}},{"type":"Feature","id":"6314d7a7-37b1-4501-9b01-32ef77f4ac77","geometry":{"type":"Point","coordinates":[-9.148068,38.708719]},"properties":{"id":"6314d7a7-37b1-4501-9b01-32ef77f4ac77","vertical":"bebedouros","kind":"chafariz","name":"Bica dos Olhos","address":"Rua da Boavista, nº 32","source":"lisboa_aberta","source_ref":"4901","accessible":null}},{"type":"Feature","id":"085ac9e6-cd35-4b77-9a5e-699a76e33da8","geometry":{"type":"Point","coordinates":[-9.095157,38.774938]},"properties":{"id":"085ac9e6-cd35-4b77-9a5e-699a76e33da8","vertical":"bebedouros","kind":"chafariz","name":"Bicas da Rotunda dos Vice-Reis","address":"Rotunda dos Vice-reis, (Parque das Nações)","source":"lisboa_aberta","source_ref":"3343","accessible":null}},{"type":"Feature","id":"edd824dd-48d0-4c00-ac2e-3f56cf36631b","geometry":{"type":"Point","coordinates":[-9.171367,38.707167]},"properties":{"id":"edd824dd-48d0-4c00-ac2e-3f56cf36631b","vertical":"bebedouros","kind":"chafariz","name":"Chafariz 1 (Entrada) da Tapada das Necessidades","address":"Calçada das Necessidades, Tapada das Necessidades","source":"lisboa_aberta","source_ref":"2609","accessible":null}},{"type":"Feature","id":"1eaba8db-d22d-4bb5-a197-aaa620fb61ed","geometry":{"type":"Point","coordinates":[-9.15832,38.714312]},"properties":{"id":"1eaba8db-d22d-4bb5-a197-aaa620fb61ed","vertical":"bebedouros","kind":"chafariz","name":"Chafariz 1 do Jardim Guerra Junqueiro","address":"Jardim Guerra Junqueiro(Jardim da Estrela)","source":"lisboa_aberta","source_ref":"1713","accessible":null}},{"type":"Feature","id":"66899717-aa33-44ca-ad71-ad13452532cd","geometry":{"type":"Point","coordinates":[-9.170069,38.707995]},"properties":{"id":"66899717-aa33-44ca-ad71-ad13452532cd","vertical":"bebedouros","kind":"chafariz","name":"Chafariz 2 da Tapada das Necessidades","address":"Calçada das Necessidades, Tapada das Necessidades","source":"lisboa_aberta","source_ref":"2610","accessible":null}},{"type":"Feature","id":"1081dedb-f400-4111-99e0-bb85c6a5150f","geometry":{"type":"Point","coordinates":[-9.159308,38.714679]},"properties":{"id":"1081dedb-f400-4111-99e0-bb85c6a5150f","vertical":"bebedouros","kind":"chafariz","name":"Chafariz 2 do Jardim Guerra Junqueiro","address":"Jardim Guerra Junqueiro(Jardim da Estrela)","source":"lisboa_aberta","source_ref":"1714","accessible":null}},{"type":"Feature","id":"8696c978-db1b-4577-937d-36469b0e15ef","geometry":{"type":"Point","coordinates":[-9.17002,38.708522]},"properties":{"id":"8696c978-db1b-4577-937d-36469b0e15ef","vertical":"bebedouros","kind":"chafariz","name":"Chafariz 3 da Tapada das Necessidades","address":"Largo das Necessidades, Tapada das Necessidades","source":"lisboa_aberta","source_ref":"2611","accessible":null}},{"type":"Feature","id":"02c98a91-6637-4550-aec2-4bc98765b399","geometry":{"type":"Point","coordinates":[-9.170643,38.70913]},"properties":{"id":"02c98a91-6637-4550-aec2-4bc98765b399","vertical":"bebedouros","kind":"chafariz","name":"Chafariz 4 da Tapada das Necessidades","address":"Calçada das Necessidades, Tapada das Necessidades","source":"lisboa_aberta","source_ref":"2612","accessible":null}},{"type":"Feature","id":"4267959c-3ad8-4c42-b2e8-4809bf3df440","geometry":{"type":"Point","coordinates":[-9.170002,38.70904]},"properties":{"id":"4267959c-3ad8-4c42-b2e8-4809bf3df440","vertical":"bebedouros","kind":"chafariz","name":"Chafariz 5 da Tapada das Necessidades","address":"Calçada das Necessidades, Tapada das Necessidades","source":"lisboa_aberta","source_ref":"2613","accessible":null}},{"type":"Feature","id":"763ba5e9-4b04-4bea-9b5c-a67ab162bcb1","geometry":{"type":"Point","coordinates":[-9.169524,38.708738]},"properties":{"id":"763ba5e9-4b04-4bea-9b5c-a67ab162bcb1","vertical":"bebedouros","kind":"chafariz","name":"Chafariz 6 da Tapada das Necessidades","address":"Calçada das Necessidades, Tapada das Necessidades","source":"lisboa_aberta","source_ref":"2614","accessible":null}},{"type":"Feature","id":"396dfa58-f8fc-4933-a151-f5f3e730aee8","geometry":{"type":"Point","coordinates":[-9.169469,38.708785]},"properties":{"id":"396dfa58-f8fc-4933-a151-f5f3e730aee8","vertical":"bebedouros","kind":"chafariz","name":"Chafariz 7 da Tapada das Necessidades","address":"Calçada das Necessidades, Tapada das Necessidades","source":"lisboa_aberta","source_ref":"2615","accessible":null}},{"type":"Feature","id":"ebb894d8-8495-47cf-b80f-470218235fac","geometry":{"type":"Point","coordinates":[-9.168976,38.709758]},"properties":{"id":"ebb894d8-8495-47cf-b80f-470218235fac","vertical":"bebedouros","kind":"chafariz","name":"Chafariz 8 da Tapada das Necessidades","address":"Calçada das Necessidades, Tapada das Necessidades","source":"lisboa_aberta","source_ref":"2617","accessible":null}},{"type":"Feature","id":"66521f2a-b088-4d61-9a78-208131e1a4b3","geometry":{"type":"Point","coordinates":[-9.170457,38.709432]},"properties":{"id":"66521f2a-b088-4d61-9a78-208131e1a4b3","vertical":"bebedouros","kind":"chafariz","name":"Chafariz 9 (Estufa) da Tapada das Necessidades","address":"Calçada das Necessidades, Tapada das Necessidades","source":"lisboa_aberta","source_ref":"2618","accessible":null}},{"type":"Feature","id":"8dee1cd0-cdb6-48c3-a0d2-e3c7e36214c8","geometry":{"type":"Point","coordinates":[-9.202552,38.702645]},"properties":{"id":"8dee1cd0-cdb6-48c3-a0d2-e3c7e36214c8","vertical":"bebedouros","kind":"chafariz","name":"Chafariz Alcolena ou da Boa Memória","address":"Calçada do Galvão","source":"lisboa_aberta","source_ref":"3219","accessible":null}},{"type":"Feature","id":"7a955622-227e-410b-a663-68a73b3faab4","geometry":{"type":"Point","coordinates":[-9.215639,38.694696]},"properties":{"id":"7a955622-227e-410b-a663-68a73b3faab4","vertical":"bebedouros","kind":"chafariz","name":"Chafariz Praia de Belém","address":"Largo da Princesa","source":"lisboa_aberta","source_ref":"3201","accessible":null}},{"type":"Feature","id":"825516fc-d646-473c-8d40-cbb36e300b56","geometry":{"type":"Point","coordinates":[-9.165064,38.760127]},"properties":{"id":"825516fc-d646-473c-8d40-cbb36e300b56","vertical":"bebedouros","kind":"chafariz","name":"Chafariz com Tanque no Horto/Garden Center","address":"Estrada de Telheiras","source":"lisboa_aberta","source_ref":"1873","accessible":null}},{"type":"Feature","id":"257a6032-03c1-43cc-b54c-9a57f14f9974","geometry":{"type":"Point","coordinates":[-9.129467,38.709726]},"properties":{"id":"257a6032-03c1-43cc-b54c-9a57f14f9974","vertical":"bebedouros","kind":"chafariz","name":"Chafariz d'El Rey","address":"Rua do Cais de Santarém","source":"lisboa_aberta","source_ref":"5201","accessible":null}},{"type":"Feature","id":"8bd09bba-67b9-45b2-a990-29c98f3c00fa","geometry":{"type":"Point","coordinates":[-9.135278,38.71319]},"properties":{"id":"8bd09bba-67b9-45b2-a990-29c98f3c00fa","vertical":"bebedouros","kind":"chafariz","name":"Chafariz da Achada","address":"Largo da Achada","source":"lisboa_aberta","source_ref":"3802","accessible":null}},{"type":"Feature","id":"b5480b07-eb9c-4630-933b-03e405a78c24","geometry":{"type":"Point","coordinates":[-9.170432,38.705251]},"properties":{"id":"b5480b07-eb9c-4630-933b-03e405a78c24","vertical":"bebedouros","kind":"chafariz","name":"Chafariz da Armada ou de Alcântara","address":"Praça da Armada","source":"lisboa_aberta","source_ref":"2607","accessible":null}},{"type":"Feature","id":"c23719ae-c82b-4ca2-bbad-223692d800e2","geometry":{"type":"Point","coordinates":[-9.117495,38.724603]},"properties":{"id":"c23719ae-c82b-4ca2-bbad-223692d800e2","vertical":"bebedouros","kind":"chafariz","name":"Chafariz da Avenida Afonso III","address":"Avenida Afonso III","source":"lisboa_aberta","source_ref":"4102","accessible":null}},{"type":"Feature","id":"f7112ccb-49b1-4897-940b-28ecfa35b614","geometry":{"type":"Point","coordinates":[-9.194218,38.703158]},"properties":{"id":"f7112ccb-49b1-4897-940b-28ecfa35b614","vertical":"bebedouros","kind":"chafariz","name":"Chafariz da Boa Hora","address":"Rua Nova do Calhariz, frente ao Posto de Limpeza nº 1","source":"lisboa_aberta","source_ref":"104","accessible":null}},{"type":"Feature","id":"b8371b86-2de6-4709-be8a-1e73d13f9f50","geometry":{"type":"Point","coordinates":[-9.203255,38.74233]},"properties":{"id":"b8371b86-2de6-4709-be8a-1e73d13f9f50","vertical":"bebedouros","kind":"chafariz","name":"Chafariz da Buraca","address":"Estrada da Buraca, Rua da Buraca","source":"lisboa_aberta","source_ref":"806","accessible":null}},{"type":"Feature","id":"227d8ed5-b7b8-47ce-b50d-051f2bf844e7","geometry":{"type":"Point","coordinates":[-9.153527,38.708919]},"properties":{"id":"227d8ed5-b7b8-47ce-b50d-051f2bf844e7","vertical":"bebedouros","kind":"chafariz","name":"Chafariz da Esperança","address":"Rua da Esperança((Estrela)), Largo da Esperança","source":"lisboa_aberta","source_ref":"3701","accessible":null}},{"type":"Feature","id":"ed281ab3-efbd-4789-98d7-fcc15d740980","geometry":{"type":"Point","coordinates":[-9.168316,38.71249]},"properties":{"id":"ed281ab3-efbd-4789-98d7-fcc15d740980","vertical":"bebedouros","kind":"chafariz","name":"Chafariz da Fonte-Santa","address":"Rua Coronel Ribeiro Viana, Rua Possidónio da Silva","source":"lisboa_aberta","source_ref":"2608","accessible":null}},{"type":"Feature","id":"8208eb67-3774-4d0d-b3b2-fde2dc00d5c9","geometry":{"type":"Point","coordinates":[-9.143984,38.714224]},"properties":{"id":"8208eb67-3774-4d0d-b3b2-fde2dc00d5c9","vertical":"bebedouros","kind":"chafariz","name":"Chafariz da Glória","address":"Calçada da Glória, frente ao nº 45","source":"lisboa_aberta","source_ref":"1503","accessible":null}},{"type":"Feature","id":"b62748ad-ff8e-4e8e-bf4a-a8523b1f6c52","geometry":{"type":"Point","coordinates":[-9.190366,38.698169]},"properties":{"id":"b62748ad-ff8e-4e8e-bf4a-a8523b1f6c52","vertical":"bebedouros","kind":"chafariz","name":"Chafariz da Junqueira","address":"Rua da Junqueira, entre o nº 154 e 156","source":"lisboa_aberta","source_ref":"203","accessible":null}},{"type":"Feature","id":"dd94288f-b42e-4068-9b5c-9ba1d043b9fc","geometry":{"type":"Point","coordinates":[-9.185627,38.760027]},"properties":{"id":"dd94288f-b42e-4068-9b5c-9ba1d043b9fc","vertical":"bebedouros","kind":"chafariz","name":"Chafariz da Luz (bebedouro)","address":"Largo das Pimenteiras","source":"lisboa_aberta","source_ref":"1105","accessible":null}},{"type":"Feature","id":"cd47b6d8-7cd7-4206-bb75-83e1e7e69a2e","geometry":{"type":"Point","coordinates":[-9.185646,38.76007]},"properties":{"id":"cd47b6d8-7cd7-4206-bb75-83e1e7e69a2e","vertical":"bebedouros","kind":"chafariz","name":"Chafariz da Luz (fontanário)","address":"Largo das Pimenteiras","source":"lisboa_aberta","source_ref":"1104","accessible":null}},{"type":"Feature","id":"1d482c1a-c871-4ea7-b051-6b00c6275237","geometry":{"type":"Point","coordinates":[-9.184878,38.760393]},"properties":{"id":"1d482c1a-c871-4ea7-b051-6b00c6275237","vertical":"bebedouros","kind":"chafariz","name":"Chafariz da Luz ou da Fonte","address":"Rua da Fonte","source":"lisboa_aberta","source_ref":"1103","accessible":null}},{"type":"Feature","id":"36fffac9-133f-40d8-8e88-a1f86f94b0f6","geometry":{"type":"Point","coordinates":[-9.147076,38.716975]},"properties":{"id":"36fffac9-133f-40d8-8e88-a1f86f94b0f6","vertical":"bebedouros","kind":"chafariz","name":"Chafariz da Mãe d'Água","address":"Rua da Mãe D'Água","source":"lisboa_aberta","source_ref":"4501","accessible":null}},{"type":"Feature","id":"e72dc6af-8070-4d05-a361-d33a999da316","geometry":{"type":"Point","coordinates":[-9.130927,38.730217]},"properties":{"id":"e72dc6af-8070-4d05-a361-d33a999da316","vertical":"bebedouros","kind":"chafariz","name":"Chafariz da Penha de França","address":"Largo da Penha de França","source":"lisboa_aberta","source_ref":"2501","accessible":null}},{"type":"Feature","id":"03003f88-a774-49ff-b09f-289ea29c0e6a","geometry":{"type":"Point","coordinates":[-9.151623,38.71561]},"properties":{"id":"03003f88-a774-49ff-b09f-289ea29c0e6a","vertical":"bebedouros","kind":"chafariz","name":"Chafariz da Praça das Flores ou de Monte Olivete","address":"Largo Agostinho da Silva","source":"lisboa_aberta","source_ref":"2204","accessible":null}},{"type":"Feature","id":"035c25a9-8d2b-4a8e-957d-e39abebac70d","geometry":{"type":"Point","coordinates":[-9.215633,38.694877]},"properties":{"id":"035c25a9-8d2b-4a8e-957d-e39abebac70d","vertical":"bebedouros","kind":"chafariz","name":"Chafariz da Princesa ou da Praia","address":"Largo da Princesa","source":"lisboa_aberta","source_ref":"3215","accessible":null}},{"type":"Feature","id":"8bd39363-4420-48d3-b9f9-13db6eaf8200","geometry":{"type":"Point","coordinates":[-9.154676,38.768514]},"properties":{"id":"8bd39363-4420-48d3-b9f9-13db6eaf8200","vertical":"bebedouros","kind":"chafariz","name":"Chafariz da Quinta das Conchas","address":"Alameda das Linhas de Torres, Quinta das Conchas","source":"lisboa_aberta","source_ref":"1801","accessible":null}},{"type":"Feature","id":"095e09d3-b798-4b46-a912-585d2a0b8f7e","geometry":{"type":"Point","coordinates":[-9.172052,38.773346]},"properties":{"id":"095e09d3-b798-4b46-a912-585d2a0b8f7e","vertical":"bebedouros","kind":"chafariz","name":"Chafariz da Rua Direita do Paço do Lumiar","address":"Rua Direita ao Lumiar","source":"lisboa_aberta","source_ref":"1820","accessible":null}},{"type":"Feature","id":"e0634903-54eb-474c-8ad6-597845e58fc2","geometry":{"type":"Point","coordinates":[-9.116072,38.730016]},"properties":{"id":"e0634903-54eb-474c-8ad6-597845e58fc2","vertical":"bebedouros","kind":"chafariz","name":"Chafariz da Rua Gualdim Pais","address":"Rua Gualdim Pais","source":"lisboa_aberta","source_ref":"701","accessible":null}},{"type":"Feature","id":"799f12e8-0a26-4402-ac49-79c24064fcb4","geometry":{"type":"Point","coordinates":[-9.13017,38.71098]},"properties":{"id":"799f12e8-0a26-4402-ac49-79c24064fcb4","vertical":"bebedouros","kind":"chafariz","name":"Chafariz da Rua da Adiça","address":"Rua da Adiça","source":"lisboa_aberta","source_ref":"4704","accessible":null}},{"type":"Feature","id":"61bc578f-5be9-4ca4-8265-9a2b4d2cb611","geometry":{"type":"Point","coordinates":[-9.129489,38.710148]},"properties":{"id":"61bc578f-5be9-4ca4-8265-9a2b4d2cb611","vertical":"bebedouros","kind":"chafariz","name":"Chafariz da Rua da Judiaria","address":"Rua da Judiaria","source":"lisboa_aberta","source_ref":"4708","accessible":null}},{"type":"Feature","id":"de90b043-4ba6-4d39-bcb9-2cdc9019e32f","geometry":{"type":"Point","coordinates":[-9.154345,38.717112]},"properties":{"id":"de90b043-4ba6-4d39-bcb9-2cdc9019e32f","vertical":"bebedouros","kind":"chafariz","name":"Chafariz da Rua do Arco a São Mamede","address":"Rua do Arco a São Mamede","source":"lisboa_aberta","source_ref":"4602","accessible":null}},{"type":"Feature","id":"8a2944be-fe2d-4a1d-8885-8d1d5e6d17c5","geometry":{"type":"Point","coordinates":[-9.147257,38.713207]},"properties":{"id":"8a2944be-fe2d-4a1d-8885-8d1d5e6d17c5","vertical":"bebedouros","kind":"chafariz","name":"Chafariz da Rua do Século ou da Formosa","address":"Rua de O Século","source":"lisboa_aberta","source_ref":"2801","accessible":null}},{"type":"Feature","id":"e66d4e26-06e7-4589-9e3b-4107d389e22c","geometry":{"type":"Point","coordinates":[-9.157341,38.71739]},"properties":{"id":"e66d4e26-06e7-4589-9e3b-4107d389e22c","vertical":"bebedouros","kind":"chafariz","name":"Chafariz da Travessa de Santa Quitéria","address":"Travessa de Santa Quitéria","source":"lisboa_aberta","source_ref":"3002","accessible":null}},{"type":"Feature","id":"e8f25937-13d5-4379-b5e3-d78dfb32c4a9","geometry":{"type":"Point","coordinates":[-9.164106,38.713883]},"properties":{"id":"e8f25937-13d5-4379-b5e3-d78dfb32c4a9","vertical":"bebedouros","kind":"chafariz","name":"Chafariz da Travessa do Patrocínio","address":"Travessa do Patrocínio","source":"lisboa_aberta","source_ref":"1708","accessible":null}},{"type":"Feature","id":"e97d8123-83d0-46f3-b499-eecdc0c970cc","geometry":{"type":"Point","coordinates":[-9.187516,38.705762]},"properties":{"id":"e97d8123-83d0-46f3-b499-eecdc0c970cc","vertical":"bebedouros","kind":"chafariz","name":"Chafariz da Travessa dos Moinhos","address":"Travessa dos Moinhos","source":"lisboa_aberta","source_ref":"215","accessible":null}},{"type":"Feature","id":"22393c64-f0c2-4f10-b877-c59372215a0f","geometry":{"type":"Point","coordinates":[-9.129579,38.710996]},"properties":{"id":"22393c64-f0c2-4f10-b877-c59372215a0f","vertical":"bebedouros","kind":"chafariz","name":"Chafariz das Escadinhas de São Miguel","address":"Beco de São Miguel, Escadinhas de São Miguel","source":"lisboa_aberta","source_ref":"4702","accessible":null}},{"type":"Feature","id":"cdb9a1a1-e69e-4055-97d9-c068f0646a2c","geometry":{"type":"Point","coordinates":[-9.200971,38.75046]},"properties":{"id":"cdb9a1a1-e69e-4055-97d9-c068f0646a2c","vertical":"bebedouros","kind":"chafariz","name":"Chafariz das Garridas ou de Benfica","address":"Estrada de Benfica","source":"lisboa_aberta","source_ref":"805","accessible":null}},{"type":"Feature","id":"e673e400-7959-4a84-b1f3-7d28232ad3da","geometry":{"type":"Point","coordinates":[-9.161411,38.705444]},"properties":{"id":"e673e400-7959-4a84-b1f3-7d28232ad3da","vertical":"bebedouros","kind":"chafariz","name":"Chafariz das Janelas Verdes","address":"Largo do Doutor José de Figueiredo","source":"lisboa_aberta","source_ref":"2604","accessible":null}},{"type":"Feature","id":"376bd37b-0389-4c42-a652-93340b1d64a1","geometry":{"type":"Point","coordinates":[-9.168726,38.74494]},"properties":{"id":"376bd37b-0389-4c42-a652-93340b1d64a1","vertical":"bebedouros","kind":"chafariz","name":"Chafariz das Laranjeiras","address":"Estrada das Laranjeiras","source":"lisboa_aberta","source_ref":"3906","accessible":null}},{"type":"Feature","id":"7bae93d0-18b2-4bde-b1de-458d71bc74e6","geometry":{"type":"Point","coordinates":[-9.171612,38.706531]},"properties":{"id":"7bae93d0-18b2-4bde-b1de-458d71bc74e6","vertical":"bebedouros","kind":"chafariz","name":"Chafariz das Necessidades","address":"Largo das Necessidades","source":"lisboa_aberta","source_ref":"2606","accessible":null}},{"type":"Feature","id":"84ccc2f4-2673-4341-a3c7-017a69fcf0de","geometry":{"type":"Point","coordinates":[-9.165933,38.708741]},"properties":{"id":"84ccc2f4-2673-4341-a3c7-017a69fcf0de","vertical":"bebedouros","kind":"chafariz","name":"Chafariz das Terras ou de Buenos Aires","address":"Travessa do Chafariz das Terras","source":"lisboa_aberta","source_ref":"2605","accessible":null}},{"type":"Feature","id":"b7358e4b-3e15-42f6-98a1-c488b62ba02a","geometry":{"type":"Point","coordinates":[-9.147811,38.727402]},"properties":{"id":"b7358e4b-3e15-42f6-98a1-c488b62ba02a","vertical":"bebedouros","kind":"chafariz","name":"Chafariz de Andaluz","address":"Largo de Andaluz, frente ao nº 16","source":"lisboa_aberta","source_ref":"1401","accessible":null}},{"type":"Feature","id":"cc6bd63c-5cde-416a-99c4-5211f97761d5","geometry":{"type":"Point","coordinates":[-9.162427,38.730222]},"properties":{"id":"cc6bd63c-5cde-416a-99c4-5211f97761d5","vertical":"bebedouros","kind":"chafariz","name":"Chafariz de Campolide","address":"Rua de Campolide","source":"lisboa_aberta","source_ref":"1002","accessible":null}},{"type":"Feature","id":"27e3e728-eddc-408e-8d0b-61d845ed65ef","geometry":{"type":"Point","coordinates":[-9.19069,38.759812]},"properties":{"id":"27e3e728-eddc-408e-8d0b-61d845ed65ef","vertical":"bebedouros","kind":"chafariz","name":"Chafariz de Carnide ou do Malvar","address":"Largo do Malvar, Estrada da Correia","source":"lisboa_aberta","source_ref":"1101","accessible":null}},{"type":"Feature","id":"afbae6e5-a40d-46e5-b742-93c2a75455d3","geometry":{"type":"Point","coordinates":[-9.128126,38.711297]},"properties":{"id":"afbae6e5-a40d-46e5-b742-93c2a75455d3","vertical":"bebedouros","kind":"chafariz","name":"Chafariz de Dentro","address":"Largo do Chafariz de Dentro","source":"lisboa_aberta","source_ref":"4701","accessible":null}},{"type":"Feature","id":"99c99e7f-4b01-4558-96bb-66262c18d066","geometry":{"type":"Point","coordinates":[-9.145828,38.745203]},"properties":{"id":"99c99e7f-4b01-4558-96bb-66262c18d066","vertical":"bebedouros","kind":"chafariz","name":"Chafariz de Entrecampos, Monumental ou do Campo Pequeno","address":"Rua de Entrecampos","source":"lisboa_aberta","source_ref":"401","accessible":null}},{"type":"Feature","id":"a66b03bf-32ab-48ba-bafe-dbce0cda5fef","geometry":{"type":"Point","coordinates":[-9.173549,38.742984]},"properties":{"id":"a66b03bf-32ab-48ba-bafe-dbce0cda5fef","vertical":"bebedouros","kind":"chafariz","name":"Chafariz de Santo António da Convalescênça","address":"Estrada de Benfica","source":"lisboa_aberta","source_ref":"3905","accessible":null}},{"type":"Feature","id":"1cf45ac6-8efd-4a36-8cc6-87715d16c00b","geometry":{"type":"Point","coordinates":[-9.117522,38.721697]},"properties":{"id":"1cf45ac6-8efd-4a36-8cc6-87715d16c00b","vertical":"bebedouros","kind":"chafariz","name":"Chafariz de Santos-o-Novo","address":"Largo de Santos o Novo","source":"lisboa_aberta","source_ref":"4101","accessible":null}},{"type":"Feature","id":"802b0a39-2857-429a-aa63-5488ca9b7fea","geometry":{"type":"Point","coordinates":[-9.180399,38.740761]},"properties":{"id":"802b0a39-2857-429a-aa63-5488ca9b7fea","vertical":"bebedouros","kind":"chafariz","name":"Chafariz de São Domingos de Benfica","address":"Largo São Domingos de Benfica","source":"lisboa_aberta","source_ref":"3904","accessible":null}},{"type":"Feature","id":"c86a4c3e-74be-4d1c-8682-ae4896ae91db","geometry":{"type":"Point","coordinates":[-9.144789,38.707733]},"properties":{"id":"c86a4c3e-74be-4d1c-8682-ae4896ae91db","vertical":"bebedouros","kind":"chafariz","name":"Chafariz de São Paulo","address":"Praça de São Paulo","source":"lisboa_aberta","source_ref":"4902","accessible":null}},{"type":"Feature","id":"152f83e5-7770-4c93-96ac-4f4299b2d288","geometry":{"type":"Point","coordinates":[-9.150494,38.731085]},"properties":{"id":"152f83e5-7770-4c93-96ac-4f4299b2d288","vertical":"bebedouros","kind":"chafariz","name":"Chafariz de São Sebastião da Pedreira","address":"Rua de São Sebastião da Pedreira","source":"lisboa_aberta","source_ref":"5001","accessible":null}},{"type":"Feature","id":"418860eb-d436-43cd-b333-8bb49b4b49d0","geometry":{"type":"Point","coordinates":[-9.106311,38.768799]},"properties":{"id":"418860eb-d436-43cd-b333-8bb49b4b49d0","vertical":"bebedouros","kind":"chafariz","name":"Chafariz do \"\"Rocio dos Olivais\"\"","address":"Praça da Viscondessa dos Olivais","source":"lisboa_aberta","source_ref":"3317","accessible":null}},{"type":"Feature","id":"adcca65b-295b-4608-8eda-d7d4395bed72","geometry":{"type":"Point","coordinates":[-9.165419,38.724118]},"properties":{"id":"adcca65b-295b-4608-8eda-d7d4395bed72","vertical":"bebedouros","kind":"chafariz","name":"Chafariz do Alto do Carvalhão","address":"Rua do Arco do Carvalhão, frente ao nº 44","source":"lisboa_aberta","source_ref":"1001","accessible":null}},{"type":"Feature","id":"d53f2554-3ba1-44d2-af87-474bceeab59a","geometry":{"type":"Point","coordinates":[-9.12804,38.734328]},"properties":{"id":"d53f2554-3ba1-44d2-af87-474bceeab59a","vertical":"bebedouros","kind":"chafariz","name":"Chafariz do Alto do Pina","address":"Rua Quatro de Agosto, Rua Sabino de Sousa","source":"lisboa_aberta","source_ref":"4103","accessible":null}},{"type":"Feature","id":"7f5e2c68-5b01-4690-a8c4-1c4867f37409","geometry":{"type":"Point","coordinates":[-9.120077,38.723607]},"properties":{"id":"7f5e2c68-5b01-4690-a8c4-1c4867f37409","vertical":"bebedouros","kind":"chafariz","name":"Chafariz do Alto do Varejão","address":"Alto Varejão","source":"lisboa_aberta","source_ref":"4107","accessible":null}},{"type":"Feature","id":"565c857f-910e-40fb-acda-0bdc64d534f1","geometry":{"type":"Point","coordinates":[-9.16433,38.775458]},"properties":{"id":"565c857f-910e-40fb-acda-0bdc64d534f1","vertical":"bebedouros","kind":"chafariz","name":"Chafariz do Boneco ou do Lumiar","address":"Largo Júlio de Castilho","source":"lisboa_aberta","source_ref":"1818","accessible":null}},{"type":"Feature","id":"ce778de2-194b-4b84-b5b1-d4e71a695c3d","geometry":{"type":"Point","coordinates":[-9.134126,38.711231]},"properties":{"id":"ce778de2-194b-4b84-b5b1-d4e71a695c3d","vertical":"bebedouros","kind":"chafariz","name":"Chafariz do Caldas","address":"Rua de São Mamede","source":"lisboa_aberta","source_ref":"3803","accessible":null}},{"type":"Feature","id":"81c42d79-5753-41f6-82f8-becafed6ead9","geometry":{"type":"Point","coordinates":[-9.139382,38.721693]},"properties":{"id":"81c42d79-5753-41f6-82f8-becafed6ead9","vertical":"bebedouros","kind":"chafariz","name":"Chafariz do Campo Santana","address":"Largo do Mastro","source":"lisboa_aberta","source_ref":"2404","accessible":null}},{"type":"Feature","id":"247a49cd-c3d1-4e6b-9e52-4cdffd4e9ac2","geometry":{"type":"Point","coordinates":[-9.142487,38.785678]},"properties":{"id":"247a49cd-c3d1-4e6b-9e52-4cdffd4e9ac2","vertical":"bebedouros","kind":"chafariz","name":"Chafariz do Campo das Amoreiras","address":"Campo das Amoreiras(antigo Largo da Charneca)","source":"lisboa_aberta","source_ref":"1304","accessible":null}},{"type":"Feature","id":"5161b2ac-d206-443b-8ede-0e50a3facf8a","geometry":{"type":"Point","coordinates":[-9.119127,38.727848]},"properties":{"id":"5161b2ac-d206-443b-8ede-0e50a3facf8a","vertical":"bebedouros","kind":"chafariz","name":"Chafariz do Cemitério do Alto de São João","address":"Parada do Alto de São João","source":"lisboa_aberta","source_ref":"4104","accessible":null}},{"type":"Feature","id":"b20ed918-16cf-42b3-a2ae-2682879f11cd","geometry":{"type":"Point","coordinates":[-9.13574,38.719918]},"properties":{"id":"b20ed918-16cf-42b3-a2ae-2682879f11cd","vertical":"bebedouros","kind":"chafariz","name":"Chafariz do Intendente ou do Desterro","address":"Rua da Palma","source":"lisboa_aberta","source_ref":"3101","accessible":null}},{"type":"Feature","id":"153d2745-29ee-4c40-8d1c-a1f00b4f3fa6","geometry":{"type":"Point","coordinates":[-9.130343,38.711785]},"properties":{"id":"153d2745-29ee-4c40-8d1c-a1f00b4f3fa6","vertical":"bebedouros","kind":"chafariz","name":"Chafariz do Jardim Júlio de Castilho","address":"Largo de Santa Luzia, Jardim Júlio de Castilho","source":"lisboa_aberta","source_ref":"4707","accessible":null}},{"type":"Feature","id":"0421ae93-e7ec-4f01-96e2-f943e03a10f4","geometry":{"type":"Point","coordinates":[-9.122561,38.715872]},"properties":{"id":"0421ae93-e7ec-4f01-96e2-f943e03a10f4","vertical":"bebedouros","kind":"chafariz","name":"Chafariz do Largo Dr. Bernardino António Gomes (Pai)","address":"Largo Dr. Bernardino António Gomes (Pai)","source":"lisboa_aberta","source_ref":"5107","accessible":null}},{"type":"Feature","id":"58510e71-04c4-4a9b-833b-36b85e75d89e","geometry":{"type":"Point","coordinates":[-9.153325,38.707785]},"properties":{"id":"58510e71-04c4-4a9b-833b-36b85e75d89e","vertical":"bebedouros","kind":"chafariz","name":"Chafariz do Largo Vitorino Damásio","address":"Largo Vitorino Damásio","source":"lisboa_aberta","source_ref":"3703","accessible":null}},{"type":"Feature","id":"239f2c5a-d252-4952-92f2-de8fe2ef6bf4","geometry":{"type":"Point","coordinates":[-9.200375,38.704218]},"properties":{"id":"239f2c5a-d252-4952-92f2-de8fe2ef6bf4","vertical":"bebedouros","kind":"chafariz","name":"Chafariz do Largo da Paz","address":"Largo da Paz, frente ao nº 20","source":"lisboa_aberta","source_ref":"102","accessible":null}},{"type":"Feature","id":"edaf640f-e07c-4bfd-93de-9d675d41a65f","geometry":{"type":"Point","coordinates":[-9.129341,38.710414]},"properties":{"id":"edaf640f-e07c-4bfd-93de-9d675d41a65f","vertical":"bebedouros","kind":"chafariz","name":"Chafariz do Largo de São Rafael","address":"Largo de São Rafael","source":"lisboa_aberta","source_ref":"5205","accessible":null}},{"type":"Feature","id":"ee5297d4-ce3d-45fe-8bd6-f73393c34f87","geometry":{"type":"Point","coordinates":[-9.128211,38.715037]},"properties":{"id":"ee5297d4-ce3d-45fe-8bd6-f73393c34f87","vertical":"bebedouros","kind":"chafariz","name":"Chafariz do Largo de São Vicente","address":"Largo de São Vicente, Arco Grande de Cima","source":"lisboa_aberta","source_ref":"5101","accessible":null}},{"type":"Feature","id":"26532bab-56f6-4d2a-ad2c-8fda7018540c","geometry":{"type":"Point","coordinates":[-9.177551,38.704615]},"properties":{"id":"26532bab-56f6-4d2a-ad2c-8fda7018540c","vertical":"bebedouros","kind":"chafariz","name":"Chafariz do Largo do Calvário","address":"Largo do Calvário","source":"lisboa_aberta","source_ref":"202","accessible":null}},{"type":"Feature","id":"9a9eab3b-3392-4b03-b1cf-d39263a39f4e","geometry":{"type":"Point","coordinates":[-9.140839,38.711919]},"properties":{"id":"9a9eab3b-3392-4b03-b1cf-d39263a39f4e","vertical":"bebedouros","kind":"chafariz","name":"Chafariz do Largo do Carmo","address":"Largo do Carmo","source":"lisboa_aberta","source_ref":"2701","accessible":null}},{"type":"Feature","id":"d7c39870-b234-4486-961b-b09840298fd8","geometry":{"type":"Point","coordinates":[-9.138841,38.721379]},"properties":{"id":"d7c39870-b234-4486-961b-b09840298fd8","vertical":"bebedouros","kind":"chafariz","name":"Chafariz do Largo do Mastro","address":"Largo do Mastro","source":"lisboa_aberta","source_ref":"2401","accessible":null}},{"type":"Feature","id":"70bb716e-11cd-47db-82c0-61d6f1d1c9da","geometry":{"type":"Point","coordinates":[-9.132663,38.718976]},"properties":{"id":"70bb716e-11cd-47db-82c0-61d6f1d1c9da","vertical":"bebedouros","kind":"chafariz","name":"Chafariz do Miradouro da Senhora do Monte","address":"Largo do Monte","source":"lisboa_aberta","source_ref":"1603","accessible":null}},{"type":"Feature","id":"18f16cbb-7d58-4330-8f48-096a84f980eb","geometry":{"type":"Point","coordinates":[-9.130455,38.71148]},"properties":{"id":"18f16cbb-7d58-4330-8f48-096a84f980eb","vertical":"bebedouros","kind":"chafariz","name":"Chafariz do Miradouro de Santa Luzia","address":"Largo de Santa Luzia, (Miradouro)","source":"lisboa_aberta","source_ref":"4706","accessible":null}},{"type":"Feature","id":"98fcf7e4-9f58-4066-baaf-e4c227f5115e","geometry":{"type":"Point","coordinates":[-9.200486,38.697404]},"properties":{"id":"98fcf7e4-9f58-4066-baaf-e4c227f5115e","vertical":"bebedouros","kind":"chafariz","name":"Chafariz do Palácio de Belém","address":"Praça Afonso de Albuquerque","source":"lisboa_aberta","source_ref":"3214","accessible":null}},{"type":"Feature","id":"e6231099-ebbd-49af-b454-11815ffc4ee9","geometry":{"type":"Point","coordinates":[-9.154065,38.71994]},"properties":{"id":"e6231099-ebbd-49af-b454-11815ffc4ee9","vertical":"bebedouros","kind":"chafariz","name":"Chafariz do Rato","address":"Largo do Rato","source":"lisboa_aberta","source_ref":"4601","accessible":null}},{"type":"Feature","id":"1243994d-dfd0-4737-930a-e0bf965aeabc","geometry":{"type":"Point","coordinates":[-9.191457,38.704036]},"properties":{"id":"1243994d-dfd0-4737-930a-e0bf965aeabc","vertical":"bebedouros","kind":"chafariz","name":"Chafariz do Rio Seco","address":"Largo do Rio Seco, frente ao nº 12","source":"lisboa_aberta","source_ref":"105","accessible":null}},{"type":"Feature","id":"773f4629-4442-4918-ad41-e0b0b5f6635b","geometry":{"type":"Point","coordinates":[-9.106562,38.745296]},"properties":{"id":"773f4629-4442-4918-ad41-e0b0b5f6635b","vertical":"bebedouros","kind":"chafariz","name":"Chafariz e Tanque na Quinta das Flores","address":"Rua de José do Patrocínio(antiga Azinhaga dos Cadetes)","source":"lisboa_aberta","source_ref":"2118","accessible":null}},{"type":"Feature","id":"fb1c1841-3212-45b0-bbe0-af9d8c3067b3","geometry":{"type":"Point","coordinates":[-9.198009,38.708422]},"properties":{"id":"fb1c1841-3212-45b0-bbe0-af9d8c3067b3","vertical":"bebedouros","kind":"chafariz","name":"Chafariz na Calçada do Mirante à Ajuda","address":"Calçada do Mirante à Ajuda","source":"lisboa_aberta","source_ref":"109","accessible":null}},{"type":"Feature","id":"6df211b7-9417-42ed-80e0-e2dd68b71610","geometry":{"type":"Point","coordinates":[-9.188166,38.743744]},"properties":{"id":"6df211b7-9417-42ed-80e0-e2dd68b71610","vertical":"bebedouros","kind":"chafariz","name":"Chafariz na Mata de São Domingos de Benfica","address":"Travessa de São Domingos de Benfica, Mata de São Domingos de Benfica","source":"lisboa_aberta","source_ref":"3913","accessible":null}},{"type":"Feature","id":"1c9fc2d3-ba5b-4657-9e10-f334e780e639","geometry":{"type":"Point","coordinates":[-9.180012,38.722457]},"properties":{"id":"1c9fc2d3-ba5b-4657-9e10-f334e780e639","vertical":"bebedouros","kind":"chafariz","name":"Chafariz na Quinta da Pimenteira","address":"Estrada da Pimenteira, Quinta da Pimenteira","source":"lisboa_aberta","source_ref":"222","accessible":null}},{"type":"Feature","id":"a53669ff-3b8a-4e15-8215-46ae4ba08c24","geometry":{"type":"Point","coordinates":[-9.10732,38.737696]},"properties":{"id":"a53669ff-3b8a-4e15-8215-46ae4ba08c24","vertical":"bebedouros","kind":"chafariz","name":"Chafariz na Rua de Marvila","address":"Rua de Marvila","source":"lisboa_aberta","source_ref":"2111","accessible":null}},{"type":"Feature","id":"b72aa4fe-7783-4e2f-907f-22ad400e55ac","geometry":{"type":"Point","coordinates":[-9.170214,38.72059]},"properties":{"id":"b72aa4fe-7783-4e2f-907f-22ad400e55ac","vertical":"bebedouros","kind":"chafariz","name":"Chafariz na Rua do Arco do Carvalhão","address":"Rua do Arco do Carvalhão","source":"lisboa_aberta","source_ref":"3504","accessible":null}},{"type":"Feature","id":"73238d18-215e-4ac8-9c56-05bff6b47a10","geometry":{"type":"Point","coordinates":[-9.101358,38.747895]},"properties":{"id":"73238d18-215e-4ac8-9c56-05bff6b47a10","vertical":"bebedouros","kind":"chafariz","name":"Chafariz na Rua do Vale Formoso de Baixo","address":"Rua do Vale Formoso de Baixo","source":"lisboa_aberta","source_ref":"2112","accessible":null}},{"type":"Feature","id":"694f31f1-4294-4248-9016-619adabedaf0","geometry":{"type":"Point","coordinates":[-9.105565,38.753517]},"properties":{"id":"694f31f1-4294-4248-9016-619adabedaf0","vertical":"bebedouros","kind":"chafariz","name":"Chafariz na Rua do Vale Formoso de Cima","address":"Rua do Vale Formoso de Cima","source":"lisboa_aberta","source_ref":"2107","accessible":null}},{"type":"Feature","id":"18d32ff1-3e79-4eec-99a5-77b2884cdd0f","geometry":{"type":"Point","coordinates":[-9.110102,38.730678]},"properties":{"id":"18d32ff1-3e79-4eec-99a5-77b2884cdd0f","vertical":"bebedouros","kind":"chafariz","name":"Chafariz na Travessa da Ilha do Grilo","address":"Travessa da Ilha do Grilo","source":"lisboa_aberta","source_ref":"704","accessible":null}},{"type":"Feature","id":"ba557aa8-ace4-449e-b49b-200959bfb3f8","geometry":{"type":"Point","coordinates":[-9.194284,38.697771]},"properties":{"id":"ba557aa8-ace4-449e-b49b-200959bfb3f8","vertical":"bebedouros","kind":"chafariz","name":"Chafariz na Travessa de Paulo Jorge, frente nº46","address":"Travessa de Paulo Jorge","source":"lisboa_aberta","source_ref":"3220","accessible":null}},{"type":"Feature","id":"d225064c-a60f-4457-a7c4-f9ece931dfb5","geometry":{"type":"Point","coordinates":[-9.194529,38.708715]},"properties":{"id":"d225064c-a60f-4457-a7c4-f9ece931dfb5","vertical":"bebedouros","kind":"chafariz","name":"Chafariz na Travessa do Chafariz","address":"Travessa do Chafariz à Rua do Cruzeiro","source":"lisboa_aberta","source_ref":"106","accessible":null}},{"type":"Feature","id":"8993a65c-6e07-4e57-9dd8-d4e76e9ec1e1","geometry":{"type":"Point","coordinates":[-9.175856,38.708789]},"properties":{"id":"8993a65c-6e07-4e57-9dd8-d4e76e9ec1e1","vertical":"bebedouros","kind":"chafariz","name":"Chafariz na Travessa do Sebeiro","address":"Travessa do Sebeiro","source":"lisboa_aberta","source_ref":"221","accessible":null}},{"type":"Feature","id":"3681a251-b0ff-4736-9d78-78ed143c6767","geometry":{"type":"Point","coordinates":[-9.162011,38.725552]},"properties":{"id":"3681a251-b0ff-4736-9d78-78ed143c6767","vertical":"bebedouros","kind":"chafariz","name":"Chafariz na Vila Romão da Silva","address":"Rua Prof. Sousa da Câmara","source":"lisboa_aberta","source_ref":"1004","accessible":null}},{"type":"Feature","id":"abd47e7a-0e82-4ba3-b140-9324f18343a7","geometry":{"type":"Point","coordinates":[-9.129646,38.717153]},"properties":{"id":"abd47e7a-0e82-4ba3-b140-9324f18343a7","vertical":"bebedouros","kind":"chafariz","name":"Chafariz no Largo da Graça","address":"Largo da Graça, Rua da Voz do Operário","source":"lisboa_aberta","source_ref":"1602","accessible":null}},{"type":"Feature","id":"3ae41abc-b0e5-4842-9603-18a21aed9af0","geometry":{"type":"Point","coordinates":[-9.156601,38.757694]},"properties":{"id":"3ae41abc-b0e5-4842-9603-18a21aed9af0","vertical":"bebedouros","kind":"chafariz","name":"Chafariz no Museu da Cidade","address":"Campo Grande","source":"lisboa_aberta","source_ref":"910","accessible":null}},{"type":"Feature","id":"90429a3a-7de9-4d3c-a2d4-217395bd7344","geometry":{"type":"Point","coordinates":[-9.150514,38.727682]},"properties":{"id":"90429a3a-7de9-4d3c-a2d4-217395bd7344","vertical":"bebedouros","kind":"chafariz","name":"Chafariz no Pq. Eduardo VII de Inglaterra","address":"Parque Eduardo VII de Inglaterra","source":"lisboa_aberta","source_ref":"5015","accessible":null}},{"type":"Feature","id":"cf419eee-2de3-4634-8a71-d2ad87f5a08a","geometry":{"type":"Point","coordinates":[-9.156643,38.758365]},"properties":{"id":"cf419eee-2de3-4634-8a71-d2ad87f5a08a","vertical":"bebedouros","kind":"chafariz","name":"Chafariz no Pátio do Jardim do Museu da Cidade","address":"Campo Grande","source":"lisboa_aberta","source_ref":"905","accessible":null}},{"type":"Feature","id":"dea66940-78b7-4f86-90e5-49f786ff4ae6","geometry":{"type":"Point","coordinates":[-9.106529,38.745848]},"properties":{"id":"dea66940-78b7-4f86-90e5-49f786ff4ae6","vertical":"bebedouros","kind":"chafariz","name":"Lago na Quinta das Flores","address":"Rua de José do Patrocínio(antiga Azinhaga dos Cadetes)","source":"lisboa_aberta","source_ref":"2101","accessible":null}},{"type":"Feature","id":"8e8827f5-c4ec-4180-8a38-cb0045454ce4","geometry":{"type":"Point","coordinates":[-9.169065,38.74214]},"properties":{"id":"8e8827f5-c4ec-4180-8a38-cb0045454ce4","vertical":"bebedouros","kind":"nevoeiro","name":"Nevoeiro da Praça Marechal Humberto Delgado","address":"Praça Marechal Humberto Delgado(Sete Rios ou antiga Praça General Humberto Delgado)","source":"lisboa_aberta","source_ref":"3943","accessible":null}},{"type":"Feature","id":"484fdef2-fd5a-42ca-a328-f592de90988f","geometry":{"type":"Point","coordinates":[-9.193736,38.765422]},"properties":{"id":"484fdef2-fd5a-42ca-a328-f592de90988f","vertical":"bebedouros","kind":"nevoeiro","name":"Nevoeiro no Parque Verde de Carnide","address":"Estrada da Pontinha","source":"lisboa_aberta","source_ref":"1165","accessible":null}},{"type":"Feature","id":"ada7759f-de07-4a76-b137-81ae876969ba","geometry":{"type":"Point","coordinates":[-9.09405,38.761511]},"properties":{"id":"ada7759f-de07-4a76-b137-81ae876969ba","vertical":"bebedouros","kind":"nevoeiro","name":"Nevoeiro no Passerio de Ulisses","address":"Passeio de Ulisses","source":"lisboa_aberta","source_ref":"3365","accessible":null}}]}